-- phpMyAdmin SQL Dump
-- version 4.0.10.18
-- https://www.phpmyadmin.net
--
-- Host: localhost:3306
-- Generation Time: May 01, 2017 at 08:14 PM
-- Server version: 5.6.35-cll-lve
-- PHP Version: 5.6.30

SET SQL_MODE = "NO_AUTO_VALUE_ON_ZERO";
SET time_zone = "+00:00";


/*!40101 SET @OLD_CHARACTER_SET_CLIENT=@@CHARACTER_SET_CLIENT */;
/*!40101 SET @OLD_CHARACTER_SET_RESULTS=@@CHARACTER_SET_RESULTS */;
/*!40101 SET @OLD_COLLATION_CONNECTION=@@COLLATION_CONNECTION */;
/*!40101 SET NAMES utf8 */;

--
-- Database: `domahub`
--

-- --------------------------------------------------------

--
-- Table structure for table `accounts`
--

CREATE TABLE IF NOT EXISTS `accounts` (
  `id` int(11) NOT NULL AUTO_INCREMENT,
  `username` varchar(70) NOT NULL,
  `email` varchar(100) NOT NULL,
  `password` varchar(100) NOT NULL,
  `date_created` datetime NOT NULL,
  `date_accessed` datetime NOT NULL,
  `type` tinyint(1) NOT NULL,
  `token` varchar(100) DEFAULT NULL,
  `token_exp` datetime DEFAULT NULL,
  `stripe_account` varchar(21) DEFAULT NULL,
  `stripe_secret` varchar(32) DEFAULT NULL,
  `stripe_public` varchar(32) DEFAULT NULL,
  PRIMARY KEY (`id`),
  UNIQUE KEY `id_UNIQUE` (`id`),
  UNIQUE KEY `email` (`email`),
  UNIQUE KEY `username` (`username`)
) ENGINE=InnoDB  DEFAULT CHARSET=latin1 AUTO_INCREMENT=72 ;

--
-- Dumping data for table `accounts`
--

INSERT INTO `accounts` (`id`, `username`, `email`, `password`, `date_created`, `date_accessed`, `type`, `token`, `token_exp`, `stripe_account`, `stripe_secret`, `stripe_public`) VALUES
(1, 'Wonmin', 'won2blee@gmail.com', '$2a$10$o2QAfKjLx.7nQltkc2oXL.TILgaVdYfoxoRy3FVEReWRBQq6kuiM2', '2016-05-16 20:48:19', '2017-04-28 09:08:47', 2, NULL, NULL, 'acct_19t1JFFgOmCiH0S3', 'sk_live_HbrCDlkspy4Kc5cLjDN6hmGB', 'pk_live_nTdEVZA7HujgSfNrX0w0Vlvy'),
(2, 'Julia', 'juliametzger90@gmail.com', '$2a$10$GbkLS2JNH.zB78iOJ41dJeFghK7DBGt7Cx1N8qtQXIAksj6xkEaMa', '2016-05-18 01:52:18', '2016-05-18 01:52:18', 0, NULL, NULL, NULL, NULL, NULL),
(3, 'Robert', 'robert@unicorngraphics.com', '$2a$10$soD3N2rn0p6khtV4uc9wh.K/xRlgjotSiYYh374KuNjKoA3HE6j/W', '2016-05-18 15:50:27', '2017-03-20 02:49:35', 1, NULL, NULL, NULL, NULL, NULL),
(5, '322', 'wonq33@gmail.com', '$2a$10$kWFwYDFfCE5kKXmGhVmIF.6s9Bh7RuBGsgNFtrHnfPpsoU6JIa6jS', '2016-05-19 23:40:24', '2017-05-01 22:39:25', 2, NULL, NULL, 'acct_19tsI2LiAT01vKDC', 'sk_live_3lV0pi1Rm2cgbfYUguqNFZZL', 'pk_live_YBGOrwMEMrdlcmeqa58JakY0'),
(9, 'JShizz', 'jeffreytshiau@gmail.com', '$2a$10$7mvkYSDStWnEGtcMNBhscux7Ti/npK/onJ0snCI7eRhbLWubkNR5G', '2016-07-06 10:54:26', '2016-07-06 10:54:26', 0, NULL, NULL, NULL, NULL, NULL),
(14, 'Alissa', 'Alissahyoo@gmail.com', '$2a$10$xDA4V4Zp4R7fIjt3wkUjSePKqWkhtQAN7KfxR5Grd4uWIRsaJOeVm', '2016-07-22 04:08:59', '2016-07-22 04:08:59', 0, NULL, NULL, NULL, NULL, NULL),
(25, 'JonathanTang', 'jayshortxtee@gmail.com', '$2a$10$EFA8qa/4w0x/9grQmIfl3OT3c6KbiwrbaJoLRvQN/fOJSAIOxj9uS', '2016-09-06 00:21:14', '2016-09-06 00:21:14', 0, NULL, NULL, NULL, NULL, NULL),
(35, 'Test-kun', 'test@email.com', '$2a$10$EsoqzXLAvmDIX./RZ0o2geC4RIEeAdQzy42YT3hU1PCbFj4ndAP0i', '2016-09-13 06:04:17', '2017-04-27 06:15:29', 2, NULL, NULL, 'acct_19t1X7GXV17TBMHy', 'sk_test_jINPl6nE9v3kziWQpUIPG5V9', 'pk_test_NWl6Wb4mNwgPj1azOUVWRyr5'),
(36, 'joezbroz93', 'theandrewkimm@gmail.com', '$2a$10$2C6PQ34697LZMRA.SraIkO.dba8nCvbQYE8bwvQADTnZa/Oyw5vTO', '2016-11-01 10:45:44', '2017-03-09 01:09:15', 1, NULL, NULL, NULL, NULL, NULL),
(37, 'Khee Lee', 'kheelee@gmail.com', '$2a$10$41wAbMWrTnxWb9gCuUTbduaWTkeZqpolWASR9HqmzBAu2a4PpU6wm', '2017-01-01 00:00:00', '2017-01-31 07:17:04', 1, NULL, NULL, NULL, NULL, NULL),
(38, 'Brian Lee', 'brian@skig.com', '$2a$10$41wAbMWrTnxWb9gCuUTbduaWTkeZqpolWASR9HqmzBAu2a4PpU6wm', '2017-01-01 00:00:00', '2017-02-07 03:40:16', 1, NULL, NULL, NULL, NULL, NULL),
(39, 'Solomon Choi', 'schoi@16handles.com', '$2a$10$41wAbMWrTnxWb9gCuUTbduaWTkeZqpolWASR9HqmzBAu2a4PpU6wm', '2017-01-01 00:00:00', '2017-02-08 01:32:58', 1, NULL, NULL, NULL, NULL, NULL),
(40, 'Sang Lee', 'sang@darcmatter.com', '$2a$10$41wAbMWrTnxWb9gCuUTbduaWTkeZqpolWASR9HqmzBAu2a4PpU6wm', '2017-01-01 00:00:00', '2017-01-31 07:19:14', 1, NULL, NULL, NULL, NULL, NULL),
(42, 'domainhoarder', 'billykang@gmail.com', '$2a$10$db2MeScM0Uy4pjWTmaKYL.Vp4HStcPjTV5v8f/CPw3HFpqXGV5q4a', '2017-02-28 00:00:00', '2017-04-25 11:10:06', 2, NULL, NULL, 'acct_19tL4WL5zosamGP2', 'sk_live_91EcODC9iMdYhXVRu7zB12rY', 'pk_live_V0CHAVNfzVa2AsWIT14IE4Te'),
(52, 'pnta', 'sales@pnta.net', '$2a$10$t2aFRvLA4GEI2OOtT9m5ouUlXPrR6zBrqZugqVL2AuTeDQ.d9047u', '2017-03-14 00:39:27', '2017-05-02 03:11:47', 2, NULL, NULL, 'acct_19x3e8CKaG4RX1Bv', 'sk_live_2IIN6lR57mu6G3R7L0hziQy6', 'pk_live_5Ibf2C1lBZbNZpXd6xM3sU92'),
(53, 'Kevsceo', 'kevsceo@gmail.com', '$2a$10$A5LiqaEixcO/JpsPXL3ec.PMatyd8f1ZXn6mtZtFZpM6Ylt5p2JQu', '2017-03-14 00:43:29', '2017-03-14 00:44:00', 1, NULL, NULL, NULL, NULL, NULL),
(54, 'sunnyliving', 'sunnyliving@gmail.com', '$2a$10$KkuWvXEkikvIPhW14gTdpu8ZqUPdJBBQwIBdrG1R4mE.Y8Em/nrHu', '2017-03-14 00:53:24', '2017-03-14 00:56:04', 1, NULL, NULL, NULL, NULL, NULL),
(56, 'xseoco', 'contact@xseo.co', '$2a$10$rfHap78/Z0.bGkfl0Ti/hOrcWFsJrTIlY8LAFUbStdQ98NBbBFmJi', '2017-03-14 01:07:55', '2017-03-14 01:10:30', 1, NULL, NULL, NULL, NULL, NULL),
(57, 'mhlayel', 'm_hlayel@yahoo.com', '$2a$10$eZojbfW/D3exJNrvJwsnmu5tZrP5.EfBRim1H5mchzpXoYHwTcaxG', '2017-03-14 02:20:54', '2017-03-14 02:21:40', 1, NULL, NULL, NULL, NULL, NULL),
(58, 'brandnames', 'frank@internetagentur.com', '$2a$10$Bu3wXOVmY9Oc16z/nWI/4etKrfsOZk/afDEeoksrWC42T7vxaaAna', '2017-03-14 03:27:57', '2017-03-16 20:51:56', 2, NULL, NULL, 'acct_19x2qQHumNDY2JbU', 'sk_live_VPnDX2Ve7eIru5SIRLrFhArK', 'pk_live_gsnQlBVMsNqboYJYyspuDZ6t'),
(59, 'docmurdock', 'ceo@docmurdock.com', '$2a$10$bCTSiq.FYWnHvr2XQxExmOt9toa0uMEzyqCPcxd5FxRJ7Rkf2lGfi', '2017-03-14 21:59:19', '2017-04-12 19:25:46', 2, NULL, NULL, 'acct_19xP6TKQfVVnXi0W', 'sk_live_BIs8Mn2RkKQq2mKorDFfeVD5', 'pk_live_G0Aqv9t0leMnF3Db3R7FEcKe'),
(60, 'slader23', 'albertndegwa@gmail.com', '$2a$10$tEYNbqgfTZ8JyjDhvh7OJerLoxUb6oINyxiP67lly2TTN2JlOEWcC', '2017-03-15 10:05:15', '2017-03-26 08:20:35', 1, NULL, NULL, NULL, NULL, NULL),
(61, 'DNCODER', 'dncoder1@gmail.com', '$2a$10$4gCgk8ntBXDb9.uZia8meu.M175HGUzIpKVK5RtLYjlVskOcP92Nq', '2017-03-17 20:49:24', '2017-04-29 17:15:09', 2, NULL, NULL, 'acct_1A4RxdDqU0Ey4hSP', 'sk_live_UQuUysgr8NCx1GAo2Fi7cc96', 'pk_live_tblgUW9UvChjE0jkSwtYRbOT'),
(62, 'MostafaGamal', 'muostafa55@gmail.com', '$2a$10$fPCKBZqOI4Nem5LvWj/Ly.bmuhNVOa3/BJLhE7PCAak4Dlx4vet5a', '2017-03-23 01:00:41', '2017-03-23 01:02:38', 1, NULL, NULL, NULL, NULL, NULL),
(63, '555', 'tod555@gmx.com', '$2a$10$zHLxHWd2oRbuHRLP7M51AONwdOnYkKj8rOtgFEyBTLvQZL/WSMB/2', '2017-03-23 01:48:31', '2017-03-31 05:01:11', 1, NULL, NULL, NULL, NULL, NULL),
(64, 'walesdomains', 'it@digital.wales', '$2a$10$RE/r4VHSlD8vS45aMy/Q7OacJ5g0LFHUaWQOZOi0/ixGZbDPg6e8i', '2017-03-23 02:34:39', '2017-03-23 23:58:09', 1, NULL, NULL, NULL, NULL, NULL),
(65, 'skyman99', 'cool.stylz89@gmail.com', '$2a$10$y.DARTeANPlUzwIP14Bf0.KSUxr8nPIsohKMuThaBe59NiFxRE37i', '2017-03-23 04:22:21', '2017-03-23 04:23:39', 1, NULL, NULL, NULL, NULL, NULL),
(66, 'shayan', 'shayan.bozorgmanesh@gmail.com', '$2a$10$.oXpQtr07VXNjRaxE4oDUuJVq772XnJuNjJr2XzWEqZgQooawbO.q', '2017-03-23 11:47:50', '2017-03-25 07:00:07', 1, NULL, NULL, NULL, NULL, NULL),
(67, 'pdomains', 'producedomains@gmail.com', '$2a$10$hTxn75D81GtEAckQp3gxgucNefrFzfTHS1Dn/VsJ2YGge2F3Z22zC', '2017-03-23 13:10:34', '2017-03-23 13:11:30', 1, NULL, NULL, NULL, NULL, NULL),
(68, 'luckylindalou', 'luckylindalou@gmail.com', '$2a$10$2PZStvmXiyzhFRg8ZfnE5er0GZnAoMv/xdy9fMSFPhiJPTpaPn36W', '2017-03-27 21:42:53', '2017-03-27 21:43:33', 1, NULL, NULL, NULL, NULL, NULL),
(69, 'ERANYC', 'acceptus@eraisawesome.com', '$2a$10$41wAbMWrTnxWb9gCuUTbduaWTkeZqpolWASR9HqmzBAu2a4PpU6wm', '2017-03-27 00:00:00', '2017-03-30 06:38:09', 1, NULL, NULL, NULL, NULL, NULL),
(70, 'Tripl3crown', 'tripl3crown@gmail.com', '$2a$10$bj5EgExw6TXhIVyvou1w4OwVgu1WuRpvffGlMEUBWaErHT5dF5/ua', '2017-03-30 22:03:46', '2017-03-30 22:44:20', 1, NULL, NULL, NULL, NULL, NULL),
(71, 'domforleaseguy', 'domainsforlease1@gmx.com', '$2a$10$GEZB3cI5kJctM.Inf/08tOeNrlzJQ5qa2sbRGNB9RtmQRXtrgCiq.', '2017-04-01 16:01:48', '2017-04-01 16:05:53', 1, NULL, NULL, NULL, NULL, NULL);

-- --------------------------------------------------------

--
-- Table structure for table `chat_history`
--

CREATE TABLE IF NOT EXISTS `chat_history` (
  `id` int(11) NOT NULL AUTO_INCREMENT,
  `sender_account_id` int(11) NOT NULL,
  `receiver_account_id` int(11) NOT NULL,
  `timestamp` timestamp NOT NULL DEFAULT CURRENT_TIMESTAMP,
  `message` text CHARACTER SET utf8mb4 COLLATE utf8mb4_unicode_ci NOT NULL,
  `seen` tinyint(1) NOT NULL,
  PRIMARY KEY (`id`),
  KEY `chat_history_sender_account_id_fk` (`sender_account_id`),
  KEY `chat_history_receiver_account_id_fk` (`receiver_account_id`),
  KEY `id` (`id`)
) ENGINE=InnoDB  DEFAULT CHARSET=latin1 AUTO_INCREMENT=221 ;

--
-- Dumping data for table `chat_history`
--

INSERT INTO `chat_history` (`id`, `sender_account_id`, `receiver_account_id`, `timestamp`, `message`, `seen`) VALUES
(145, 1, 5, '2016-10-12 07:56:47', '1', 0),
(146, 1, 5, '2016-10-12 07:56:47', '3', 0),
(147, 1, 5, '2016-10-12 07:56:47', '5', 0),
(148, 1, 5, '2016-10-12 07:56:47', '4', 0),
(149, 1, 5, '2016-10-12 07:56:48', '6', 0),
(150, 1, 5, '2016-10-12 07:57:11', '5', 0),
(151, 1, 5, '2016-10-12 07:57:21', 'test', 0),
(152, 1, 5, '2016-10-12 07:57:24', '31515', 0),
(153, 5, 1, '2016-10-24 15:56:33', '?', 0),
(154, 5, 1, '2016-10-27 20:21:54', 'test', 0),
(155, 5, 1, '2016-10-27 20:22:06', '\ndsad', 0),
(156, 1, 5, '2016-11-02 20:55:00', 'dsadasd\nadsad\n\n', 0),
(157, 1, 5, '2016-11-02 21:02:12', 'fdasfsaf', 0),
(158, 1, 5, '2016-11-02 21:02:13', 'test', 0),
(159, 1, 5, '2016-11-02 21:02:15', 'two', 0),
(160, 1, 5, '2016-11-02 21:02:16', 'hihgi', 0),
(161, 1, 5, '2016-11-02 21:02:17', 'lol', 0),
(162, 1, 5, '2016-11-02 21:02:18', 'fuck you', 0),
(163, 1, 5, '2016-11-02 21:02:20', 'kid', 0),
(164, 1, 5, '2016-11-02 21:02:24', 'youre a joke', 0),
(165, 1, 5, '2016-11-02 21:02:26', 'had', 0),
(166, 1, 5, '2016-11-02 21:02:26', 'fhafd', 0),
(167, 1, 5, '2016-11-02 21:02:27', 'h', 0),
(168, 1, 5, '2016-11-02 21:03:19', 'fdafsd', 0),
(169, 1, 5, '2016-11-02 21:03:23', 'fdafdsaf', 0),
(170, 1, 5, '2016-11-02 21:09:20', 'fuck', 0),
(171, 1, 5, '2016-11-02 21:09:21', 'test', 0),
(172, 1, 5, '2016-11-02 21:09:21', 'shit', 0),
(173, 1, 5, '2016-11-02 21:09:22', 'cunt', 0),
(174, 1, 5, '2016-11-02 21:09:23', 'fuck', 0),
(175, 1, 5, '2016-11-02 21:09:24', 'fart', 0),
(176, 1, 5, '2016-11-02 23:40:29', 'fasg', 0),
(177, 1, 2, '2016-11-02 23:40:36', 'test', 0),
(178, 1, 35, '2016-11-02 23:42:49', 'teajk', 0),
(179, 1, 35, '2016-11-02 23:42:53', 'fuck you', 0),
(180, 5, 1, '2016-11-03 20:17:47', 'hey', 0),
(181, 5, 1, '2016-11-03 20:17:48', 'you FUCKING', 0),
(182, 5, 1, '2016-11-03 20:17:49', 'PRICK', 0),
(183, 5, 1, '2016-11-03 20:17:50', 'FUCK URSELF', 0),
(184, 5, 1, '2016-11-03 20:18:27', 'smtp nigga', 0),
(185, 5, 1, '2016-11-03 20:18:29', 'stmp nigga', 0),
(186, 35, 5, '2016-11-03 20:47:24', 'fuck', 0),
(187, 35, 5, '2016-11-03 20:47:26', 'YOU', 0),
(188, 1, 5, '2016-11-04 20:51:21', 'sdad', 0),
(189, 5, 35, '2016-11-04 20:52:10', 'Yo test-kun', 0),
(190, 5, 35, '2016-11-04 20:52:14', 'You''re a fucking BITCH alright?', 0),
(191, 5, 35, '2016-11-04 20:52:31', 'Don''t ever message me again you fucking faggot', 0),
(192, 5, 35, '2016-11-04 20:52:37', 'I don''t want your shitty domain names.', 0),
(193, 5, 1, '2016-11-04 20:52:47', 'Yo nigga', 0),
(194, 5, 1, '2016-11-04 20:52:53', 'you the nigga behind Test-Kun?', 0),
(195, 5, 1, '2016-11-04 20:53:00', 'You put him up to this? Smh.', 0),
(196, 5, 1, '2016-11-05 23:20:56', '        f', 0),
(197, 35, 5, '2016-11-10 22:25:08', 'Hey Wonkyu, sorry to hear the bad news.', 0),
(198, 35, 5, '2016-11-10 22:25:20', 'I''ll work harder next time to ensure a better experience for you.', 0),
(199, 35, 5, '2016-11-10 22:25:23', 'NOT!', 0),
(200, 35, 5, '2016-11-10 22:25:27', 'You''re a fuckin bitch nigga.', 0),
(201, 35, 1, '2016-11-10 22:25:35', 'Hey, what''s your problem asshole?', 0),
(202, 35, 1, '2016-11-10 22:29:40', 'I''m reporting you to the devs.', 0),
(203, 5, 1, '2016-11-10 22:45:28', 'f', 0),
(204, 5, 1, '2016-11-10 22:45:29', 'f', 0),
(205, 5, 1, '2016-11-10 22:45:29', 'f', 0),
(206, 5, 1, '2016-11-10 22:45:29', 'f', 0),
(207, 5, 1, '2016-11-10 22:45:30', 'f', 0),
(208, 5, 1, '2016-11-10 22:45:30', 'f', 0),
(209, 5, 1, '2016-11-10 22:45:30', 'f', 0),
(210, 5, 1, '2016-11-10 22:45:30', 'f', 0),
(211, 5, 1, '2016-11-10 22:45:30', 'f', 0),
(212, 5, 1, '2016-11-10 22:45:31', 'f', 0),
(213, 5, 1, '2016-11-10 22:45:31', 'f', 0),
(214, 5, 1, '2016-11-10 22:45:31', 'f', 0),
(215, 5, 1, '2016-11-10 22:45:32', 'f', 0),
(216, 5, 1, '2016-11-10 22:45:32', 'f', 0),
(217, 5, 35, '2016-11-17 20:24:47', 'Wow Test-kun', 0),
(218, 5, 35, '2016-11-17 20:24:52', 'You''re a real piece of work you know that?', 0),
(219, 1, 5, '2016-11-28 19:33:22', '?', 0),
(220, 1, 35, '2016-12-02 20:01:44', 'Okay go ahead', 0);

-- --------------------------------------------------------

--
-- Table structure for table `listings`
--

CREATE TABLE IF NOT EXISTS `listings` (
  `id` int(11) NOT NULL AUTO_INCREMENT,
  `date_created` bigint(20) NOT NULL,
  `domain_name` varchar(100) CHARACTER SET utf8 COLLATE utf8_bin NOT NULL,
  `owner_id` int(11) NOT NULL,
  `status` tinyint(1) DEFAULT '0',
  `deleted` tinyint(1) DEFAULT NULL,
  `verified` tinyint(1) DEFAULT '1',
  `price_type` varchar(5) NOT NULL DEFAULT 'month',
  `price_rate` int(11) NOT NULL DEFAULT '25',
  `buy_price` int(11) NOT NULL,
  `description` text,
  `categories` text NOT NULL,
  `paths` text NOT NULL,
  `background_image` text,
  PRIMARY KEY (`id`),
  UNIQUE KEY `id_UNIQUE` (`id`),
  UNIQUE KEY `listings_unique_owner` (`owner_id`,`domain_name`),
  UNIQUE KEY `listings_unique_domain` (`domain_name`,`verified`),
  KEY `listings_owner_fk_idx` (`owner_id`)
) ENGINE=InnoDB  DEFAULT CHARSET=latin1 AUTO_INCREMENT=616 ;

--
-- Dumping data for table `listings`
--

INSERT INTO `listings` (`id`, `date_created`, `domain_name`, `owner_id`, `status`, `deleted`, `verified`, `price_type`, `price_rate`, `buy_price`, `description`, `categories`, `paths`, `background_image`) VALUES
(5, 1476762961342, 'imsorryimdumb.com', 1, 1, NULL, 1, 'day', 5, 0, 'The best way to let someone know how sorry you are! Send someone an apology in style using this website. Nothing says I truly messed up like an entire website dedicated to saying just that!', 'ecard niche personal promotion', 'alex,boss,connor,honey,lisa,madam,sarah,sir,mom,dad,peter,charles,matthew,vivian,chief,director,president', 'https://i.imgur.com/FLmOCZx.jpg'),
(7, 1476762961342, 'youreacutie.com', 1, 1, NULL, 1, 'day', 5, 0, 'Let your loved ones know what a cutie they are by sending them a website showing just exactly that! Let them know how you feel and that they are the one and only cutie in your life.', 'ecard niche personal', 'emma,olivia,sophia,ava,mia,jack,sam,noah,liam,mason,ash,isabelle,adam,matthew,charles,brian,abigail,emily,charlotte,madison,amelia,elizabeth,sofia', 'https://i.imgur.com/12BCe4t.jpg'),
(199, 1488331264640, 'boycotttrump.com', 42, 1, NULL, 1, 'week', 500, 1000000, 'Rent ($500/week) or buy (a cool $1M).', 'business industry marketing promotion', '', NULL),
(200, 1488331264640, 'autonomouspets.com', 42, 0, NULL, NULL, 'month', 25, 0, NULL, '', '', NULL),
(201, 1488331264640, 'autonomousappliances.com', 42, 1, NULL, 1, 'month', 25, 0, NULL, '', '', NULL),
(202, 1488331264640, 'yummyday.com', 42, 1, NULL, 1, 'week', 250, 0, NULL, '', '', NULL),
(203, 1488565140314, 'cheapchix.com', 42, 1, NULL, 1, 'week', 25, 0, NULL, 'adult', '', NULL),
(204, 1488571431649, 'greatestboxer.com', 42, 1, NULL, 1, 'week', 25, 0, NULL, '', '', NULL),
(205, 1488572105156, 'masturbasians.com', 42, 1, NULL, 1, 'week', 25, 0, NULL, 'adult', '', NULL),
(206, 1488572457023, 'iwaskidding.com', 42, 1, NULL, 1, 'week', 25, 0, 'Brexit. Trump. Wedding. Whatever you regret.', '', '', NULL),
(207, 1488572593428, 'pawn911.com', 42, 1, NULL, 1, 'week', 25, 0, 'Sell it fast!', '', '', NULL),
(220, 1488738666973, 'trumpsostupid.com', 42, 0, NULL, NULL, 'week', 25, 0, 'Rent me and you won''t regret it!', '', '', NULL),
(222, 1488859878994, 'bigfattrump.com', 42, 1, NULL, 1, 'week', 50, 0, 'Perfect for all the pix that Trump doesn''t want circulated on the internet!', '', '', NULL),
(223, 1488958667255, 'bigfatfuck.com', 42, 0, NULL, NULL, 'week', 100, 0, 'For that a$$hole in your life.', 'adult', '', NULL),
(226, 1489128703441, 'potshop420.com', 42, 1, NULL, 1, 'week', 50, 0, 'The perfect domain name to rent out!', 'adult', '', NULL),
(230, 1489438537745, 'hugitout.com', 52, NULL, 1, 1, 'week', 20, 0, '', '', '', NULL),
(231, 1489439009426, '14k.co', 54, 0, NULL, NULL, 'month', 999, 0, 'The perfect domain name to rent out!', '', '', NULL),
(232, 1489439009426, 'carelectronics.co', 54, 0, NULL, NULL, 'month', 300, 0, 'Rent me and you won''t regret it!', '', '', NULL),
(233, 1489439009426, 'hdmicable.co', 54, 0, NULL, NULL, 'month', 500, 0, 'Rent me and you won''t regret it!', '', '', NULL),
(234, 1489439009426, 'highway.co', 54, 0, NULL, NULL, 'month', 600, 0, '"WOW! I can&#8217;t believe that this domain is available for rent" -- Everyone', '', '', NULL),
(235, 1489439009426, 'imn.co', 54, 0, NULL, NULL, 'month', 450, 0, 'Rent me and you won''t regret it!', '', '', NULL),
(236, 1489439009426, 'khakis.co', 54, 0, NULL, NULL, 'month', 350, 0, '"WOW! I can&#8217;t believe that this domain is available for rent" -- Everyone', '', '', NULL),
(237, 1489439009426, 'mellow.co', 54, 0, NULL, NULL, 'month', 400, 0, 'The perfect domain name to rent out!', '', '', NULL),
(238, 1489439009426, 'municipalbonds.co', 54, 0, NULL, NULL, 'month', 275, 0, 'Best value domain name. Period.', '', '', NULL),
(239, 1489439009426, 'obscene.co', 54, 0, NULL, NULL, 'month', 500, 0, 'Best value domain name. Period.', '', '', NULL),
(240, 1489439009426, 'sandwiches.co', 54, 0, NULL, NULL, 'month', 600, 0, 'This is the greatest domain name to have ever existed--trust me.', '', '', NULL),
(241, 1489439009426, 'snm.co', 54, 0, NULL, NULL, 'month', 600, 0, 'The perfect domain name to rent out!', '', '', NULL),
(242, 1489439009426, 'stockadvice.co', 54, 0, NULL, NULL, 'month', 400, 0, 'Best value domain name. Period.', '', '', NULL),
(243, 1489439009426, 'rentalhousing.co', 54, 0, NULL, NULL, 'month', 2500, 0, 'Best value domain name. Period.', '', '', NULL),
(245, 1489447697032, 'retailhours.com', 52, NULL, 1, 1, 'week', 20, 0, '&quot;WOW! I can’t believe that this domain is available for rent&quot; -- Everyone', '', '', NULL),
(246, 1489448198495, 'justwecan.com', 58, 0, NULL, NULL, 'month', 25, 0, 'Rent me and you won''t regret it!', '', '', NULL),
(247, 1489450758859, 'kushride.com', 52, NULL, 1, 1, 'week', 20, 0, 'Best value domain name. Period.', '', '', NULL),
(248, 1489450758859, 'denverpedicab.com', 52, NULL, 1, 1, 'week', 20, 0, '&quot;WOW! I can’t believe that this domain is available for rent&quot; -- Everyone', '', '', NULL),
(259, 1489533253746, 'changeyourbeliefs.com', 59, 1, NULL, 1, 'day', 20, 0, 'Rent me and you won''t regret it!', '', '', NULL),
(260, 1489533253746, 'imarriedadiva.com', 59, 1, NULL, 1, 'day', 20, 0, 'Rent me and you won''t regret it!', '', '', NULL),
(261, 1489533253746, 'stopitoday.com', 59, 1, NULL, 1, 'day', 20, 0, 'The perfect domain name to rent out!', '', '', NULL),
(265, 1489557999425, 'virtualclinics.com', 60, 0, NULL, NULL, 'month', 1500, 0, 'This is the greatest domain name to have ever existed--trust me.', '', '', NULL),
(266, 1489557999425, 'ultimatesex.com', 60, 0, NULL, NULL, 'month', 500, 0, '"WOW! I can&#8217;t believe that this domain is available for rent" -- Everyone', 'adult', '', NULL),
(420, 1489773084633, 'bhuman1o1.com', 61, NULL, 1, NULL, 'month', 100, 0, 'This is the greatest domain name to have ever existed--trust me.', '', '', NULL),
(421, 1489773084633, 'bhuman1o1.org', 61, 1, NULL, 1, 'month', 29, 0, 'Be Human to the core !\r\nA MULTIPURPOSE   .ORG  \r\nFor You!\r\nBuild Your Dream upon it !', 'business ecard hightraffic industry marketing niche other personal promotion startup', '', 'https://i.imgur.com/3Pt96nQ.jpg'),
(422, 1489773084633, 'code1zero.com', 61, 1, NULL, 1, 'month', 49, 0, 'WEB.\r\n1''s and 0''s.\r\nTHE computer code.\r\nBuild Your DOTCOM Empire NOW !', 'business ecard event hightraffic industry marketing niche other personal promotion startup', '', 'https://i.imgur.com/gZLCgna.jpg'),
(423, 1491210749821, 'dncoding.com', 61, 1, NULL, 1, 'month', 49, 0, 'Domain Names Coding is for you\r\nShow you are worth it!\r\ncode encode  ', 'business ecard event hightraffic industry marketing niche other personal promotion startup', '', 'https://i.imgur.com/ixZyBIB.jpg'),
(424, 1489773084633, 'epcure.com', 61, 1, NULL, 1, 'month', 49, 0, 'A Cure ? A Medicine ?\r\nEpicurus Greek Philosopher !\r\nLuxurious Tastes and Habits !\r\nQuality First !\r\nLure any visitor inside and Build Your DOTCOM Empire.', 'adult business ecard event hightraffic holiday industry marketing niche other personal promotion startup', '', 'https://i.imgur.com/WdqT5sA.jpg'),
(425, 1491210749821, 'fromzero2.com', 61, 1, NULL, 1, 'month', 49, 0, '99/Month\r\nZERO XQZ\r\n\r\nS T A R T !\r\n\r\n', 'business ecard event hightraffic industry marketing niche other personal promotion startup', '', 'https://i.imgur.com/mTwq01y.jpg'),
(426, 1491210749821, 'gnerda.com', 61, 1, NULL, 1, 'month', 49, 0, 'Pronounce aloud this domain name with the dotcom sound finishing the powerful word.\r\n\r\nPowerful. Sound. Epic. Multipurpose. \r\nFor meditation or for warriors.\r\nShaman Spirit from Earth''s Depths.\r\nMake it your client''s MANTRA', 'business ecard event hightraffic holiday industry marketing niche other personal promotion startup', '', 'https://i.imgur.com/l2pnGHg.jpg'),
(427, 1491210749821, 'ignore2focus.com', 61, 1, NULL, 1, 'month', 49, 0, 'focus focus focus.', 'business ecard event hightraffic holiday industry marketing niche other personal promotion startup', '', 'https://i.imgur.com/lzwvzEq.jpg'),
(428, 1491210749821, 'ignoretofocus.com', 61, 1, NULL, 1, 'month', 49, 0, 'focus to ignore \r\nignore to focus', 'business ecard event hightraffic industry marketing niche other personal promotion startup', '', 'https://i.imgur.com/y0YzRhW.jpg'),
(429, 1489773084633, 'intelligentgreed.com', 61, 1, NULL, 1, 'month', 49, 0, 'WANTmore !\r\nWANT better !\r\nWANT Your DOTCOM ?\r\nGRAB it Here ! \r\nHIGH QUALITY !\r\nRealestate ! Luxury ! Ideas ! Projects ! ', 'business ecard event hightraffic holiday industry marketing niche other personal promotion startup', '', 'https://i.imgur.com/6jQM5TH.jpg'),
(430, 1489773084633, 'intelligentgreed.org', 61, 1, NULL, 1, 'month', 39, 0, 'Want More ! Want Better !\r\nWho said GREED is bad ?\r\nGREAT .ORG Name !\r\nBuild upon it.\r\nFor Better !\r\nYour .ORG Empire for Better !', 'business ecard event hightraffic holiday industry marketing niche other personal promotion startup', '', 'https://i.imgur.com/PkGbXv4.jpg'),
(431, 1489773084633, 'moneyforbetter.com', 61, NULL, 1, NULL, 'month', 49, 0, 'A plain sentence ! Or can you see 2 !\r\nGive ...Get !\r\nBuild Your DOTCOM Place !\r\nMake it Your Fort Knox !', 'business ecard event hightraffic holiday industry marketing niche other personal promotion startup', '', 'https://i.imgur.com/SXBGP4w.jpg'),
(432, 1489773084633, 'moneyforbetter.org', 61, NULL, 1, NULL, 'month', 25, 0, 'The perfect domain name to rent out!', '', '', NULL),
(433, 1489773084633, 'moneyforbetter.info', 61, NULL, 1, NULL, 'month', 49, 0, 'Be it for Yourself !\r\nBe it for Others !\r\nBe it for better !\r\nShow how !\r\n. INFO A Potential CONSUMER''S HUB \r\n', 'business ecard event hightraffic holiday industry marketing niche other personal promotion startup', '', 'https://i.imgur.com/tAvBs3N.jpg'),
(434, 1489773084633, 'moneyforbetter.net', 61, NULL, 1, NULL, 'month', 49, 0, 'For Better !\r\nGREAT .NET Multipurpose !\r\nBuild your .NET Empire from HERE.', 'business ecard event hightraffic holiday industry marketing niche other personal promotion startup', '', 'https://i.imgur.com/RZ4mCaL.jpg'),
(435, 1489773084633, 'money4better.com', 61, NULL, 1, NULL, 'month', 199, 0, '1 Claim !\r\nBuild any COMMERCE on it !\r\nBuild any CHARITY on it !\r\nBuild Your SELF-IMPROVEMENT !\r\nBuild your DOTCOM presence Here.\r\n', 'business ecard event hightraffic holiday industry marketing niche other personal promotion startup', '', 'https://i.imgur.com/lZaIlRx.jpg'),
(436, 1491211766959, 'money4better.org', 61, NULL, 1, NULL, 'month', 25, 0, 'The perfect domain name to rent out!', '', '', NULL),
(437, 1489773084633, 'dnamedusa.com', 61, 1, NULL, 1, 'month', 49, 0, 'Exclusive\r\nMultipurpose\r\nAdded value and starting point for your BIG Project\r\nMedical\r\nUSA\r\nDNA BioTech\r\nSerious Domain Brokers welcome to contact for serious purchase offer/dncoder1@gmail . com\r\n\r\nand to know more ...&quot;esoterics&quot;about this DN.', 'business ecard event hightraffic industry marketing niche other personal promotion startup', '', 'https://i.imgur.com/6JhjobY.jpg'),
(438, 1491210749821, 'nrgizr.com', 61, 1, NULL, 1, 'month', 49, 0, 'Boost-up!! \r\nAny of your Clients\r\nHave you got what it takes for that?\r\n\r\nShow you are able to handle this great name!\r\nTry it out first and rent it for 99USD/Month', 'adult business ecard event hightraffic holiday industry marketing niche other personal promotion startup', '', 'https://i.imgur.com/oMMpQXs.jpg'),
(439, 1491210749821, 'poiznd.com', 61, 1, NULL, 1, 'month', 49, 0, 'ZeroAntidote.POIZND\r\n\r\ngreat for startups and maybe lingerie and and..... \r\nYoung and daring !\r\nOut of the usual schemes !', 'adult business ecard event hightraffic industry marketing niche other personal promotion startup', '', 'https://i.imgur.com/O1o9c6a.jpg'),
(440, 1491210749821, 'rudotcom.com', 61, 1, NULL, 1, 'month', 49, 0, 'are you ? get on with it !\r\nspend this s*tty money for this GREAT DN ( too strong for you?\r\nKnew you probably WOULDN''T BE  really ready.\r\nAnswer me! RENT IT.\r\n;)', 'business ecard event hightraffic industry marketing niche other personal promotion startup', '', 'https://i.imgur.com/TLwSfud.jpg'),
(441, 1491210749821, 'ruready4zero.com', 61, 1, NULL, 1, 'month', 49, 0, 'Prepare for Zero Chances otherwise.\r\nZero Point Energy, Zero Problems, Zero Space, Zero food, Zero Excuses.... \r\n\r\nYOU DECIDE YOUR ZERO.', 'business ecard event hightraffic holiday industry marketing niche other personal promotion startup', '', 'https://i.imgur.com/bcHmXX1.jpg'),
(442, 1491210749821, 'stopnv.com', 61, 1, NULL, 1, 'month', 49, 0, 'Stop . NV\r\n\r\nBring Passion to a new level.\r\nGrow out of your fear. ENVY for better.\r\nFollow the Great, the AWSOME. IMPROVE\r\nRENT IT \r\nZEROXQZ\r\nBHUMAN101\r\n', 'adult business ecard event hightraffic holiday industry marketing niche other personal promotion startup', '', 'https://i.imgur.com/HSXxo7Q.jpg'),
(443, 1491210749821, 'werdotcom.com', 61, 1, NULL, 1, 'month', 49, 0, 'Multipurpose.\r\nOne statement. BOLD.\r\nWe are. \r\n\r\nAlso &quot;WHO&quot;; in german.', 'business ecard event hightraffic industry marketing niche other personal promotion startup', '', 'https://i.imgur.com/kuNZLpD.jpg'),
(444, 1491210749821, 'zeroxqz.com', 61, 1, NULL, 1, 'month', 49, 0, 'Get on with it.\r\nEven for Passion! \r\nRENT !\r\nNothing more to say !\r\nZERO XQZ \r\nZERO EXCUSE\r\nBHUMAN101', 'adult business ecard event hightraffic holiday industry marketing niche other personal promotion startup', '', 'https://i.imgur.com/ArN1RzU.jpg'),
(454, 1491210749821, 'rockandberry.com', 61, 1, NULL, 1, 'month', 39, 0, 'Rock with the greatest.\r\nStarted and probably Invented \r\nR O C K.\r\nCan you be up to his legend and carry the torch ?\r\n39 USD/Month only ! RENT NOW.\r\nDevelop. online LEGENDARY Rock.', 'business ecard event hightraffic industry marketing niche other personal promotion startup', '', 'https://i.imgur.com/YrjXgFT.jpg'),
(455, 1491210749821, 'gocybergo.com', 61, 1, NULL, 1, 'month', 39, 0, 'Go Cyber Go!\r\nTIMELESS statement \r\ninspired and modified from Johnny Be Goode; \r\nby Chuck Berry.\r\nGo Johnny Go ! ', 'business ecard event hightraffic industry marketing niche other personal promotion startup', '', 'https://i.imgur.com/arOGdQe.jpg'),
(456, 1491210749821, '1freqnc.com', 61, 1, NULL, 1, 'month', 49, 0, '49 USD Bargain Price.\r\nThe right Frequency...\r\nto Resonate!\r\nPowerful . Empathy .Human Networking power. Domain name.\r\nG r a b   it    fast!\r\nBuild your Dream upon it  !', 'business ecard event hightraffic industry marketing niche other personal promotion startup', '', 'https://i.imgur.com/Nvdjusi.jpg'),
(457, 1491210749821, 'click4better.com', 61, 1, NULL, 1, 'month', 49, 0, 'Better Quality Passion!\r\nEverybody wants this statement to be clear!\r\nYOU HAVE IT IN YOUR DOMAIN NAME!\r\nNo Excuses for a false start NOW RENT!\r\ncheck if clickforbetter.com still available.\r\nNo misunderstandings.Grab the typo!', 'adult business ecard event hightraffic holiday industry marketing niche other personal promotion startup', '', 'https://i.imgur.com/DxLZUS9.jpg'),
(458, 1490000648703, 'click4better.org', 61, 1, NULL, 1, 'month', 39, 0, 'Price bargain 29 USD to make it a .ORG start !\r\nNo way you can be excused not bringing home Big League this time!\r\nRent it for just less then 40 USD. NOW.\r\nMultipurpose right from the NAME, and Catchy&quot;for&quot;/&quot;4&quot;\r\ncheck if clickforbetter.org still available! Grab the typo.', 'business ecard event hightraffic holiday industry marketing niche other personal promotion startup', '', 'https://i.imgur.com/0SuUXpF.jpg'),
(459, 1491210749821, 'clickforbetter.com', 61, 1, NULL, 1, 'month', 49, 0, 'THE  DRIVE.\r\nBargain price .Only 39 USD/Month.\r\nGreat for any Commerce Website.\r\nCheck if also click4better.com still available!\r\nShould be one of the first reasons to CLICK.\r\nBetter Passion ! Better You! Better We !', 'adult business ecard event hightraffic holiday industry marketing niche other personal promotion startup', '', 'https://i.imgur.com/QSZ6FR7.jpg'),
(460, 1490000648703, 'clickforbetter.org', 61, 1, NULL, 1, 'month', 39, 0, 'Bargain price 29USD/Month.\r\nThe perfect domain name to rent !\r\nMake it your Sunshine day!\r\nTODAY! \r\nHelp others ! with the .org extension .\r\nCheck if also click4better.org still available!', 'business ecard event hightraffic holiday industry marketing niche other personal promotion startup', '', 'https://i.imgur.com/ggJZW3E.jpg'),
(461, 1490000648703, 'clickforbetter.net', 61, 1, NULL, 1, 'month', 49, 0, 'one sentence.worldwide.For better.\r\nLess then 50 USD /Month !\r\nUNIQUE PLACE to build YOUR ONLINE REALESTATE', 'business ecard hightraffic industry marketing niche other personal promotion startup', '', 'https://i.imgur.com/GsjJUje.jpg'),
(462, 1491210749821, 'cybr2.com', 61, 1, NULL, 1, 'month', 49, 0, 'Futuristic or \r\nRealistic?\r\nGRAB the Opportunity for under 50 USD A MONTH.\r\nSHORT.MINIMALISTIC IDENTITY ONLINE.ICONIC.\r\nNumber 2 ...PASSION ;)\r\nCiber Holiday for 2.', 'adult business ecard event hightraffic holiday industry marketing niche other personal promotion startup', '', 'https://i.imgur.com/vDyT9t8.jpg'),
(463, 1491210749821, 'cybrxs.com', 61, 1, NULL, 1, 'month', 49, 0, 'Excessive!?!?\r\nGo and UNWIND\r\nGet a Holiday ;)\r\nRENT THIS FIRST\r\nbuild upon it\r\nTHEN enjoy your days-off\r\nPassive incomes?? \r\n;)', 'adult business ecard event hightraffic holiday industry marketing niche other personal promotion startup', '', 'https://i.imgur.com/37zRjPJ.jpg'),
(464, 1490000648703, 'entraclub.com', 61, 1, NULL, 1, 'month', 49, 0, 'Enter\r\nBecome Member\r\nJoin the Gate Keepers \r\n49 / MONTH \r\nONLINE EMPIRE-STARTER!\r\nRun.It might not be this long here sitting waiting for you!\r\nGRAB IT', 'adult business ecard event hightraffic holiday industry marketing niche other personal promotion startup', '', 'https://i.imgur.com/awQzh6a.jpg'),
(465, 1491210749821, 'richmalts.com', 61, 1, NULL, 1, 'month', 49, 0, 'Luxury. QUALITY! PERIOD\r\nWhisky Industry \r\nWORLDWIDE REACH\r\nLure into Pleasure!\r\nhave a Holiday in Luxurious Scotland and Distilleries!\r\n', 'adult business ecard event hightraffic holiday industry marketing niche other personal promotion startup', '', 'https://i.imgur.com/o0nrRJm.jpg'),
(466, 1491210749821, 'richscotch.com', 61, 1, NULL, 1, 'month', 49, 0, 'Scotland first!\r\nYes! the worldwide-known\r\nSCOTCH. when in\r\nLondon-New-York-Paris-Beijing-Dubai-Bankok \r\nor Kuching Malaysia Borneo.\r\nYou will always CERTAINLY get a SCOTTISH whisky\r\n\r\nScotch Luxury Brands\r\nMostly Single Malts\r\nLure into RICH Passion\r\nHave a trip to Scotland and The best distilleries. \r\n', 'adult business ecard event hightraffic holiday industry marketing niche other personal promotion startup', '', 'https://i.imgur.com/c5UvM0D.jpg'),
(467, 1491210749821, 'richsinglemalts.com', 61, 1, NULL, 1, 'month', 49, 0, 'Simple. THE BEST WHISKY.\r\nLure into palate''s Luxury.\r\nPassion goes with it.\r\nwhisky industry worldwide.\r\nTRAVEL.. into Luxury', 'adult business ecard event hightraffic holiday industry marketing niche other personal promotion startup', '', 'https://i.imgur.com/5FFt17C.jpg'),
(468, 1491210749821, 'bhuman101.com', 61, 1, NULL, 1, 'month', 49, 0, 'Go\r\nStart\r\nRENT IT NOW.\r\nLess then 200 USD even.\r\nFor you\r\nMake it BIG!\r\nNo Captchas needed here!', 'business ecard event hightraffic holiday industry marketing niche other personal promotion startup', '', 'https://i.imgur.com/khYS141.jpg'),
(469, 1491210838109, 'b4cyber.com', 61, 1, NULL, 1, 'month', 49, 0, 'Before Cyber\r\nBe for Cyber\r\nUp to you!\r\nBecome STRONG Online!\r\nEVEN CYBER 1on1 adult relationships.\r\n', 'adult business ecard event hightraffic holiday industry marketing niche other personal promotion startup', '', 'https://i.imgur.com/WCyEHjN.jpg'),
(470, 1491210838109, 'cyber992.com', 61, 1, NULL, 1, 'month', 49, 0, '1980-90''s\r\nThose years internet History started!\r\nClaim it !\r\nAnd show the World you have what it takes!\r\nAnything came before ... was History! \r\n;)\r\n', 'business ecard event hightraffic holiday industry marketing niche other personal promotion startup', '', 'https://i.imgur.com/p0uLzfT.jpg'),
(471, 1490003758192, 'arq8.com', 61, 1, NULL, 1, 'month', 49, 0, 'in short.\r\nAMAZING.\r\nDESIGN.\r\nMINIMALIST.\r\nInvestment funds\r\nFinancial Engineering\r\nArchitecture\r\nDesign Startups\r\n3Letters \r\nShort\r\nDirect\r\na knocker for D E S I G N  minimalistics !\r\n\r\nCURVE UP! \r\nBE Passionate!\r\n\r\nEnough. RENT IT . YOU will develop sky HIGH !\r\n', 'business ecard event hightraffic holiday industry marketing niche other personal promotion startup', '', 'https://i.imgur.com/52tRPDs.jpg'),
(473, 1490044814955, 'youretoxic.com', 5, 1, NULL, 1, 'day', 2, 0, 'Do you have a friend or acquaintance who is toxic? Do they suck at Dota2, League, CS:GO, or NeoPets and still find the audacity to flame you and your teammates? Use this website to give them a piece of your mind!', 'marketing personal', 'rtz,sodapoppin,singsing,purge,flash,moon,nightblue3,burning,dyrus,doublelift,voyboy,puppey,day9,hafu,trump,kolento,pewdiepie,smosh,nigahiga', 'https://i.imgur.com/yqycCDV.png'),
(477, 1490216628343, '2a23.com', 62, 0, NULL, NULL, 'month', 50, 0, '"WOW! I can&#8217;t believe that this domain is available for rent" -- Everyone', '', '', NULL),
(478, 1490216628343, 'holidayssummer.com', 62, 0, NULL, NULL, 'month', 25, 0, 'Best value domain name. Period.', '', '', NULL),
(479, 1490216628343, 'ratetome.com', 62, 0, NULL, NULL, 'week', 25, 0, 'Rent me and you won''t regret it!', '', '', NULL),
(480, 1490216628343, 'forexspread.co.uk', 62, 0, NULL, NULL, 'week', 25, 0, '"WOW! I can&#8217;t believe that this domain is available for rent" -- Everyone', '', '', NULL),
(481, 1490216628343, 'bitcoinrates.lives', 62, 0, NULL, NULL, 'month', 25, 0, '"WOW! I can&#8217;t believe that this domain is available for rent" -- Everyone', '', '', NULL),
(482, 1490222344723, 'poker.wales', 64, 0, NULL, NULL, 'month', 100, 0, '"WOW! I can&#8217;t believe that this domain is available for rent" -- Everyone', '', '', NULL),
(483, 1490222344723, 'recycle.wales', 64, 0, NULL, NULL, 'month', 100, 0, 'Rent me and you won''t regret it!', '', '', NULL),
(484, 1490222344723, 'recycling.wales', 64, 0, NULL, NULL, 'month', 100, 0, 'This is the greatest domain name to have ever existed--trust me.', '', '', NULL),
(485, 1490222344723, 'tickets.wales', 64, 0, NULL, NULL, 'month', 100, 0, '"WOW! I can&#8217;t believe that this domain is available for rent" -- Everyone', '', '', NULL),
(486, 1490223376859, 'caravans.wales', 64, 0, NULL, NULL, 'month', 100, 0, 'Rent me and you won''t regret it!', '', '', NULL),
(494, 1490322367276, 'master.broker', 66, 0, NULL, NULL, 'week', 1, 0, '"WOW! I can&#8217;t believe that this domain is available for rent" -- Everyone', '', '', NULL),
(495, 1490322367276, 'shayan.ca', 66, 0, NULL, NULL, 'week', 1, 0, 'Rent me and you won''t regret it!', '', '', NULL),
(496, 1490322367276, '7608yonge.com', 66, 0, NULL, NULL, 'week', 1, 0, 'Best value domain name. Period.', '', '', NULL),
(497, 1490322367276, 'ad.guide', 66, 0, NULL, NULL, 'week', 1, 0, 'Rent me and you won''t regret it!', '', '', NULL),
(498, 1490322367276, 'ripple.live', 66, 0, NULL, NULL, 'week', 1, 0, '"WOW! I can&#8217;t believe that this domain is available for rent" -- Everyone', '', '', NULL),
(499, 1490322367276, '11.media', 66, 0, NULL, NULL, 'week', 1, 0, '"WOW! I can&#8217;t believe that this domain is available for rent" -- Everyone', '', '', NULL),
(500, 1490322367276, 'flashdrive.org', 66, 0, NULL, NULL, 'week', 1, 0, 'This is the greatest domain name to have ever existed--trust me.', '', '', NULL),
(501, 1490322367276, 'arabic.photos', 66, 0, NULL, NULL, 'week', 1, 0, 'Best value domain name. Period.', '', '', NULL),
(502, 1490322367276, 'gallery.place', 66, 0, NULL, NULL, 'week', 1, 0, '"WOW! I can&#8217;t believe that this domain is available for rent" -- Everyone', '', '', NULL),
(503, 1490322367276, 'iheart.shop', 66, 0, NULL, NULL, 'week', 1, 0, 'The perfect domain name to rent out!', '', '', NULL),
(504, 1490322367276, 'site.broker', 66, 0, NULL, NULL, 'week', 1, 0, 'This is the greatest domain name to have ever existed--trust me.', '', '', NULL),
(505, 1490322367276, 'earlysurgery.com', 66, 0, NULL, NULL, 'week', 1, 0, 'This is the greatest domain name to have ever existed--trust me.', '', '', NULL),
(506, 1490322367276, 'funding.guide', 66, 0, NULL, NULL, 'week', 1, 0, 'This is the greatest domain name to have ever existed--trust me.', '', '', NULL),
(507, 1490322367276, '22.media', 66, 0, NULL, NULL, 'week', 1, 0, '"WOW! I can&#8217;t believe that this domain is available for rent" -- Everyone', '', '', NULL),
(508, 1490322367276, 'mega.photos', 66, 0, NULL, NULL, 'week', 1, 0, 'This is the greatest domain name to have ever existed--trust me.', '', '', NULL),
(509, 1490322367276, 'rogue.shop', 66, 0, NULL, NULL, 'week', 1, 0, '"WOW! I can&#8217;t believe that this domain is available for rent" -- Everyone', '', '', NULL),
(510, 1490322367276, 'gotasked.com', 66, 0, NULL, NULL, 'week', 1, 0, 'Rent me and you won''t regret it!', '', '', NULL),
(511, 1490322367276, '33.media', 66, 0, NULL, NULL, 'week', 1, 0, 'This is the greatest domain name to have ever existed--trust me.', '', '', NULL),
(512, 1490322367276, 'nu.photos', 66, 0, NULL, NULL, 'week', 1, 0, 'Best value domain name. Period.', '', '', NULL),
(513, 1490322367276, 'logicbible.com', 66, 0, NULL, NULL, 'week', 1, 0, '"WOW! I can&#8217;t believe that this domain is available for rent" -- Everyone', '', '', NULL),
(514, 1490322367276, '44.media', 66, 0, NULL, NULL, 'week', 1, 0, 'Rent me and you won''t regret it!', '', '', NULL),
(515, 1490322367276, 'tree.photos', 66, 0, NULL, NULL, 'week', 1, 0, 'Best value domain name. Period.', '', '', NULL),
(516, 1490322367276, 'loyalcart.com', 66, 0, NULL, NULL, 'week', 1, 0, 'Rent me and you won''t regret it!', '', '', NULL),
(517, 1490322367276, '66.media', 66, 0, NULL, NULL, 'week', 1, 0, '"WOW! I can&#8217;t believe that this domain is available for rent" -- Everyone', '', '', NULL),
(518, 1490322367276, 'jerseygg.com', 66, 0, NULL, NULL, 'week', 1, 0, 'The perfect domain name to rent out!', '', '', NULL),
(519, 1490322367276, 'arabic.media', 66, 0, NULL, NULL, 'week', 1, 0, 'The perfect domain name to rent out!', '', '', NULL),
(520, 1490322367276, 'jerseyhead.com', 66, 0, NULL, NULL, 'week', 1, 0, 'This is the greatest domain name to have ever existed--trust me.', '', '', NULL),
(521, 1490322367276, 'beer.media', 66, 0, NULL, NULL, 'week', 1, 0, 'This is the greatest domain name to have ever existed--trust me.', '', '', NULL),
(522, 1490322367276, 'sonsupply.com', 66, 0, NULL, NULL, 'week', 1, 0, 'The perfect domain name to rent out!', '', '', NULL),
(523, 1490322367276, 'beet.media', 66, 0, NULL, NULL, 'week', 1, 0, '"WOW! I can&#8217;t believe that this domain is available for rent" -- Everyone', '', '', NULL),
(524, 1490322367276, 'townkit.com', 66, 0, NULL, NULL, 'week', 1, 0, 'Best value domain name. Period.', '', '', NULL),
(525, 1490322367276, 'bozorg.media', 66, 0, NULL, NULL, 'week', 1, 0, 'The perfect domain name to rent out!', '', '', NULL),
(526, 1490322367276, 'ck.media', 66, 0, NULL, NULL, 'week', 1, 0, 'This is the greatest domain name to have ever existed--trust me.', '', '', NULL),
(527, 1490322367276, 'cmd.media', 66, 0, NULL, NULL, 'week', 1, 0, '"WOW! I can&#8217;t believe that this domain is available for rent" -- Everyone', '', '', NULL),
(528, 1490322367276, 'ee.media', 66, 0, NULL, NULL, 'week', 1, 0, '"WOW! I can&#8217;t believe that this domain is available for rent" -- Everyone', '', '', NULL),
(529, 1490322367276, 'goodgame.media', 66, 0, NULL, NULL, 'week', 1, 0, 'The perfect domain name to rent out!', '', '', NULL),
(530, 1490322367276, 'gr.media', 66, 0, NULL, NULL, 'week', 1, 0, '"WOW! I can&#8217;t believe that this domain is available for rent" -- Everyone', '', '', NULL),
(531, 1490322367276, 'gx.media', 66, 0, NULL, NULL, 'week', 1, 0, '"WOW! I can&#8217;t believe that this domain is available for rent" -- Everyone', '', '', NULL),
(532, 1490322367276, 'hk.media', 66, 0, NULL, NULL, 'week', 1, 0, 'This is the greatest domain name to have ever existed--trust me.', '', '', NULL),
(533, 1490322367276, 'hx.media', 66, 0, NULL, NULL, 'week', 1, 0, 'This is the greatest domain name to have ever existed--trust me.', '', '', NULL),
(534, 1490322367276, 'loyal.media', 66, 0, NULL, NULL, 'week', 1, 0, 'Rent me and you won''t regret it!', '', '', NULL),
(535, 1490322367276, 'maison.media', 66, 0, NULL, NULL, 'week', 1, 0, 'This is the greatest domain name to have ever existed--trust me.', '', '', NULL),
(536, 1490322367276, 'markt.media', 66, 0, NULL, NULL, 'week', 1, 0, 'Best value domain name. Period.', '', '', NULL),
(537, 1490322367276, 'melbourne.media', 66, 0, NULL, NULL, 'week', 1, 0, 'Rent me and you won''t regret it!', '', '', NULL),
(538, 1490322367276, 'merci.media', 66, 0, NULL, NULL, 'week', 1, 0, '"WOW! I can&#8217;t believe that this domain is available for rent" -- Everyone', '', '', NULL),
(539, 1490322367276, 'mit.media', 66, 0, NULL, NULL, 'week', 1, 0, 'Rent me and you won''t regret it!', '', '', NULL),
(540, 1490322367276, 'oxi.media', 66, 0, NULL, NULL, 'week', 1, 0, '"WOW! I can&#8217;t believe that this domain is available for rent" -- Everyone', '', '', NULL),
(541, 1490322367276, 'raptors.media', 66, 0, NULL, NULL, 'week', 1, 0, 'The perfect domain name to rent out!', '', '', NULL),
(542, 1490322367276, 'rx.media', 66, 0, NULL, NULL, 'week', 1, 0, '"WOW! I can&#8217;t believe that this domain is available for rent" -- Everyone', '', '', NULL),
(543, 1490322367276, 'rzn.media', 66, 0, NULL, NULL, 'week', 1, 0, 'Best value domain name. Period.', '', '', NULL),
(544, 1490322367276, 'sas.media', 66, 0, NULL, NULL, 'week', 1, 0, '"WOW! I can&#8217;t believe that this domain is available for rent" -- Everyone', '', '', NULL),
(545, 1490322367276, 'shah.media', 66, 0, NULL, NULL, 'week', 1, 0, 'Rent me and you won''t regret it!', '', '', NULL),
(546, 1490322367276, 'shay.media', 66, 0, NULL, NULL, 'week', 1, 0, '"WOW! I can&#8217;t believe that this domain is available for rent" -- Everyone', '', '', NULL),
(547, 1490322367276, 'shayan.media', 66, 0, NULL, NULL, 'week', 1, 0, 'This is the greatest domain name to have ever existed--trust me.', '', '', NULL),
(548, 1490322367276, 'sister.media', 66, 0, NULL, NULL, 'week', 1, 0, 'Best value domain name. Period.', '', '', NULL),
(549, 1490322367276, 'tip.media', 66, 0, NULL, NULL, 'week', 1, 0, 'Rent me and you won''t regret it!', '', '', NULL),
(550, 1490322367276, 'tmz.media', 66, 0, NULL, NULL, 'week', 1, 0, '"WOW! I can&#8217;t believe that this domain is available for rent" -- Everyone', '', '', NULL),
(551, 1490322367276, 'wx.media', 66, 0, NULL, NULL, 'week', 1, 0, 'The perfect domain name to rent out!', '', '', NULL),
(552, 1490322367276, 'xx.media', 66, 0, NULL, NULL, 'week', 1, 0, '"WOW! I can&#8217;t believe that this domain is available for rent" -- Everyone', '', '', NULL),
(553, 1490322367276, 'yonge.media', 66, 0, NULL, NULL, 'week', 1, 0, 'The perfect domain name to rent out!', '', '', NULL),
(554, 1490758098071, 'eraisawesome.com', 1, 0, NULL, 1, 'day', 0, 0, 'Equal Rights Amendment. Earned Run Average. An era of time. ERA Real Estate. English Racing Automobiles. Excellence in Research for Australia. Employee Rights Act. Employment Relations Act. Exobiology Radiation Assembly. Explosive Reactive Armor. Era Online. \r\n<br />\r\n<br />\r\nWhat does your ERA stand for? Whatever it is--I''m sure it''s awesome.', 'business niche promotion startup', '', 'https://i.imgur.com/JXMOSbF.png'),
(559, 1490900678024, 'greatestofalltime.com', 70, NULL, NULL, NULL, 'month', 6500, 0, 'This is the greatest domain name to have ever existed--trust me.', '', '', NULL),
(560, 1490900678024, 'greatestofalltime.net', 70, NULL, NULL, NULL, 'month', 2500, 0, 'Best value domain name. Period.', '', '', NULL),
(565, 1491011458289, 'test.domain', 35, 0, NULL, 1, 'day', 0, 0, 'Test domain, why are you looking at me?', '', '', NULL),
(566, 1491210749821, '00dotcom.com', 61, 1, NULL, 1, 'month', 49, 0, 'Who can say \r\nI HAVE THE SOUND DOMAIN TO START \r\nYou will shout out load \r\nyour UNIQUENESS\r\n00 excuse\r\nZERO XQZ NOW RENT YOUR DOTCOM :)', 'business ecard event hightraffic industry marketing niche other personal promotion startup', '', 'https://i.imgur.com/81Ad3ye.jpg'),
(567, 1491210749821, '1o1dotcom.com', 61, 1, NULL, 1, 'month', 49, 0, 'basics is catchy pronounced 1o1\r\nThe sound of this great Domain name is all telling.\r\nMultipurpose allrounder!\r\nBack to survival savage online winners!\r\nOr even basic minimalistic no-nonsense practical advice!\r\nD e v e l o p  NOW\r\nRENT this for not even 50 USD PER MONTH.\r\n', 'business ecard event hightraffic holiday industry marketing niche other personal promotion startup', '', 'https://i.imgur.com/dw1mbhW.jpg'),
(568, 1491210749821, 'arq8.combetterdotcom.com', 61, NULL, 1, NULL, 'month', 25, 0, 'This is the greatest domain name to have ever existed--trust me.', '', '', NULL),
(569, 1491210749821, 'code1zero.comcyberdryland.com', 61, NULL, 1, NULL, 'month', 25, 0, '"WOW! I can&#8217;t believe that this domain is available for rent" -- Everyone', '', '', NULL),
(570, 1491210749821, 'cyberhydraulics.com', 61, 1, NULL, 1, 'month', 99, 0, 'No-nonsense Industry Tech Name\r\nGreat drive from Industry!\r\nOnline Hydraulics. \r\nInternet Technical Expertise!\r\nAlso \r\nCyberTech \r\nOnlineHosting\r\nOnline Security \r\nMake it Worldwide and consolidate your Empire on it!\r\nGreat way to stand for online!\r\nJust the way it has been for centuries\r\nNOW ONLINE\r\nRENT 99USD/Month .', 'business hightraffic industry marketing niche other personal startup', '', 'https://i.imgur.com/plM3fln.jpg'),
(571, 1491210749821, 'dnamedimension.com', 61, 1, NULL, 1, 'month', 129, 0, 'DNA\r\nMe\r\nDimension\r\nMultipurpose!\r\nSelf Improvement Advanced Level!\r\nMedical DNA Dimension on Personality!\r\nPersonal dimensional approach to Genetics!\r\nGrab and RENT NOW for just under 130 USD a MONTH\r\n', 'business ecard event hightraffic holiday industry marketing niche other personal promotion startup', '', 'https://i.imgur.com/7XjHGDx.jpg'),
(572, 1491210749821, 'entraclub.comepcure.com', 61, NULL, 1, NULL, 'month', 25, 0, '"WOW! I can&#8217;t believe that this domain is available for rent" -- Everyone', '', '', NULL),
(573, 1491210749821, 'fromxxxto.com', 61, 1, NULL, 1, 'month', 129, 0, 'EXCLUSIVE BOLD NAME\r\nROAD TO PERDITION\r\n...The other way !\r\nThe voyage.\r\nMake ONLINE BUSINESS \r\nYour CATHARSIS\r\nGo from TRIPLE X \r\nTo 10X INCOMES!\r\nRENT NOW !', 'adult business ecard event hightraffic holiday industry marketing niche other personal promotion startup', '', 'https://i.imgur.com/U9XZmxL.jpg'),
(574, 1491210749821, 'go4rich.com', 61, 1, NULL, 1, 'month', 199, 0, 'Rich INSIDE.\r\nGo for Luxury.\r\nGo for Quality.\r\nGo for Value.\r\nGo for Rich.\r\nPEOPLE GOODS LUXURY.\r\nLuxury Industry Worldwide. \r\nbuild your empire online.\r\nBrave one way GO4RICH.\r\nRENT NOW!\r\nToo xpensive ?\r\nOk, FORGET Luxury-Market !\r\nNot joking ;)\r\n', 'business ecard event hightraffic holiday industry marketing niche other personal promotion startup', '', 'https://i.imgur.com/U8cAJiO.jpg'),
(575, 1491210749821, 'goldnhub.com', 61, 1, NULL, 1, 'month', 99, 0, 'Multipurpose\r\nDomain Name\r\nGold\r\nHub\r\nSecurity\r\nStorage\r\nHub for Help\r\nProtection\r\nFinancial\r\nPersonal\r\nPassion for Luxurious Temptations.\r\nRENT IT NOW.', 'adult business ecard event hightraffic holiday industry marketing niche other personal promotion startup', '', 'https://i.imgur.com/AZ7bRUa.jpg'),
(576, 1491210749821, 'goldotcom.com', 61, 1, NULL, 1, 'month', 99, 0, 'you build on this and be the Midas\r\nLuxurious Passion.\r\nCan you handle it ?\r\nTry it RENT NOW', 'adult business ecard event hightraffic holiday industry marketing niche other personal promotion startup', '', 'https://i.imgur.com/KOHv3uD.jpg'),
(577, 1491210749821, 'poisnd.com', 61, 1, NULL, 1, 'month', 129, 0, 'Green apple covered in Red.\r\nGreat iconic imaging worldwide mythologies\r\nImagine Multipurpose!\r\nImagine Luxury lingerie Line\r\nImagine a Young Dynamic \r\nMultimedia Aggressive Out-of-the-box \r\nEntrepreneur Campaign. \r\nRENT IT !!!', 'adult business ecard event hightraffic marketing niche other personal promotion startup', '', 'https://i.imgur.com/huH8lev.jpg'),
(578, 1491210749821, 'richudata.com', 61, NULL, 1, NULL, 'month', 25, 0, 'Best value domain name. Period.', '', '', NULL),
(579, 1491210749821, 'silverdotcom.com', 61, 1, NULL, 1, 'month', 49, 0, 'Simple. Straightforward.Multipurpose.Passion.\r\nRENT NOW ;)', 'adult business ecard event hightraffic industry marketing niche other personal promotion startup', '', 'https://i.imgur.com/hJatY9i.jpg'),
(580, 1491210749821, 'xxdotcom.com', 61, 1, NULL, 1, 'month', 49, 0, 'the double unknown?\r\nTRAFFIC !\r\nRent it now.', 'adult event hightraffic marketing niche other startup', '', 'https://i.imgur.com/UQbQh46.jpg'),
(581, 1491210749821, 'some3some.com', 61, 1, NULL, 1, 'month', 199, 0, 'it takes some three .\r\n1 A domain Name.\r\n2 A webhosting.\r\n3 Some TRAFFIC', 'adult business ecard event hightraffic holiday industry marketing niche other personal promotion startup', '', 'https://i.imgur.com/i7fWDOp.jpg'),
(608, 1491392156158, 'betterdotcom.com', 61, 1, NULL, 1, 'month', 129, 0, 'Since 1985.DOTCOM is King.\r\nPERIOD ;)\r\nEven for adults.\r\nSo ....\r\nRENT THIS DOTCOM Now\r\nAlso. Help IMPROVE the DOTCOMs !', 'adult business ecard event hightraffic holiday industry marketing niche other personal promotion startup', '', 'https://i.imgur.com/ws1xxc3.jpg'),
(609, 1491458408793, 'cyberdryland.com', 61, 1, NULL, 1, 'month', 129, 0, 'get dust on your boots !\r\n\r\nNOW\r\n\r\nBuild your Empire upon !\r\n\r\nHustle like a Pioneer ! Get dirty !\r\n', 'business ecard event hightraffic holiday industry marketing niche other personal promotion startup', '', 'https://i.imgur.com/i9dsfip.jpg'),
(610, 1491553431837, 'dnhma.com', 61, 1, NULL, 1, 'month', 129, 0, 'Moving Energy !\r\ndomain name host masters!\r\nRENT NOW\r\nMOOOOVE-UP your online Presence !', 'business ecard event hightraffic industry marketing niche other personal promotion startup', '', 'https://i.imgur.com/qT1vN5b.jpg'),
(611, 1492258612113, 'richmalts.club', 61, 0, NULL, NULL, 'month', 99, 0, 'Best value domain name. Period.', '', '', NULL),
(612, 1492265158675, 'game1win.com', 61, 1, NULL, 1, 'month', 49, 0, 'Win or &quot;game zero&quot;.\r\nRENT NOW\r\nfor everyone almost. 29 USD / MONTH !\r\nBuild your EMPIRE.', 'business ecard event hightraffic industry marketing niche other personal promotion startup', '', 'https://i.imgur.com/UKdPLfQ.jpg'),
(613, 1492947841630, 'howlingwolvesclub.com', 61, 1, NULL, 1, 'month', 99, 0, 'Wolves \r\nJoin the PACK&gt;CLUB\r\nHowlingwolves!\r\n\r\nWhat a name for your CLUB.\r\nBe an ENTREPRENEUR.\r\nAlso NightClub.\r\nAlso ask for howlingwolves.club !\r\nMight still be available ;)', 'adult business ecard event hightraffic industry marketing niche other personal promotion startup', '', 'https://i.imgur.com/ca0QEQV.jpg'),
(614, 1493447156097, 'parallelcomputingsystems.com', 61, 0, NULL, NULL, 'month', 25, 0, 'This is the greatest domain name to have ever existed--trust me.', '', '', NULL),
(615, 1493471833794, 'igreed.club', 61, NULL, 1, NULL, 'month', 25, 0, 'Best value domain name. Period.', '', '', NULL);

-- --------------------------------------------------------

--
-- Table structure for table `rentals`
--

CREATE TABLE IF NOT EXISTS `rentals` (
  `account_id` int(11) DEFAULT NULL,
  `listing_id` int(11) NOT NULL,
  `rental_id` int(11) NOT NULL AUTO_INCREMENT,
  `date_created` bigint(20) DEFAULT NULL,
  `address` text CHARACTER SET utf8 COLLATE utf8_bin NOT NULL,
  `status` tinyint(1) NOT NULL DEFAULT '0',
  `type` tinyint(1) NOT NULL DEFAULT '0',
  `path` varchar(100) NOT NULL DEFAULT '',
  `owner_hash_id` varchar(5) CHARACTER SET utf8 COLLATE utf8_bin DEFAULT NULL,
  `owner_email` varchar(100) DEFAULT NULL,
  PRIMARY KEY (`rental_id`),
  UNIQUE KEY `rental_id_UNIQUE` (`rental_id`),
  KEY `watch_list_account_id_fk_idx` (`account_id`),
  KEY `watch_list_listing_id_fk_idx` (`listing_id`),
  KEY `rental_id` (`rental_id`)
) ENGINE=InnoDB  DEFAULT CHARSET=latin1 AUTO_INCREMENT=373 ;

--
-- Dumping data for table `rentals`
--

INSERT INTO `rentals` (`account_id`, `listing_id`, `rental_id`, `date_created`, `address`, `status`, `type`, `path`, `owner_hash_id`, `owner_email`) VALUES
(1, 5, 163, NULL, 'http://www.cbronline.com/wp-content/uploads/2016/11/sorry2.jpg', 1, 0, '', NULL, NULL),
(1, 7, 184, NULL, 'http://slides.com/xcellion/deck', 1, 0, '', NULL, NULL),
(1, 5, 263, NULL, 'https://www.instagram.com/lisakongram/', 1, 1, '', NULL, NULL),
(5, 5, 264, NULL, 'http://dominodancingfull.ytmnd.com/', 1, 0, '', NULL, NULL),
(5, 5, 265, NULL, 'http://sd.keepcalm-o-matic.co.uk/i/i-m-so-sorry-for-what-happened-1.png', 1, 0, '', NULL, NULL),
(NULL, 5, 266, NULL, 'https://media4.giphy.com/media/ayKEKAHmicO1W/200_s.gif', 1, 0, '', 'dsadd', NULL),
(5, 5, 292, NULL, 'http://d25medu75j19j3.cloudfront.net/wp-content/uploads/2016/02/sorry.jpg', 1, 0, '', NULL, NULL),
(1, 5, 305, NULL, 'http://g.co', 1, 0, '', NULL, NULL),
(NULL, 5, 313, NULL, 'https://sites.google.com/domahub.com/sorry/home', 1, 0, '', 'd131d', NULL),
(5, 473, 319, NULL, 'https://sites.google.com/view/youretoxic/home', 1, 0, '', NULL, NULL),
(NULL, 473, 322, NULL, 'https://pbs.twimg.com/media/CFLGABkUsAEyIbU.jpg', 1, 0, '', 'ya4ix', NULL),
(NULL, 5, 324, NULL, 'http://glubble-bubble.weebly.com/uploads/5/4/6/4/54640841/2251988_orig.jpg', 1, 0, '', 'tchzs', NULL),
(NULL, 5, 325, NULL, 'http://www.urbandictionary.com/define.php?term=fasdf', 1, 0, '', 'i5nti', NULL),
(NULL, 473, 326, NULL, 'http://imgur.com/gallery/gg1pF', 1, 0, '', 'xwlb5', NULL),
(NULL, 473, 327, NULL, 'http://imgur.com/gallery/gg1pF', 1, 0, '', 'gim1v', NULL),
(5, 473, 333, NULL, 'https://www.twitch.tv/arteezy', 1, 1, '', NULL, NULL),
(5, 473, 334, NULL, 'https://www.twitch.tv/arteezy', 1, 1, '', NULL, NULL),
(5, 473, 335, NULL, 'https://www.twitch.tv/arteezy', 1, 1, '', NULL, NULL),
(NULL, 5, 340, NULL, 'http://i.imgur.com/R3RfrnJ.jpg', 1, 0, '', 'dd9bn', NULL),
(NULL, 5, 341, NULL, 'https://joycemusic1.files.wordpress.com/2015/11/sorry-justin-bieber1.pdf', 1, 0, '', '9l61q', NULL),
(NULL, 473, 342, NULL, 'https://twitter.com/arteezy', 1, 0, '', 'yhdka', NULL),
(NULL, 473, 343, NULL, 'https://twitter.com/SumaaaaiL', 1, 0, '', '6uitk', NULL),
(NULL, 473, 344, NULL, 'https://www.youtube.com/user/Nightblue3', 1, 1, 'Nightblue3', 'u3cvq', NULL),
(NULL, 7, 345, NULL, 'https://www.instagram.com/cleslie24/', 1, 0, 'christine', 'qn1xa', NULL),
(NULL, 5, 346, NULL, 'https://www.youtube.com/watch?v=fRh_vgS2dFE', 1, 1, '', 'q4cai', NULL),
(NULL, 473, 347, NULL, 'http://fandaily.info/wp-content/uploads/2011/09/Toxic-1-Matthew-Felker.jpg', 1, 0, 'matthew', 'onzlo', NULL),
(5, 473, 348, NULL, 'https://images.unsplash.com/photo-1425082661705-1834bfd09dca?dpr=1&auto=format&fit=crop&w=1500&h=994&q=80&cs=tinysrgb&crop=&bg=', 0, 0, 'gg', NULL, NULL),
(5, 473, 349, NULL, 'http://evilgeniuses.gg/Profile/42,Arteezy/Biography/', 0, 0, '', NULL, NULL),
(NULL, 473, 350, NULL, 'https://www.billoreilly.com/', 1, 0, 'bill', 'nld9a', NULL),
(5, 473, 351, NULL, 'https://www.facebook.com/1qlee93', 0, 0, 'wonkyu', NULL, NULL),
(NULL, 473, 352, NULL, 'http://evilgeniuses.gg/', 1, 1, 'eg', 'k2vza', NULL),
(NULL, 7, 353, NULL, 'https://www.instagram.com/lisakongram/', 1, 1, 'lisa', 'cmdhl', NULL),
(NULL, 7, 354, NULL, 'https://vignette1.wikia.nocookie.net/buffy/images/f/f9/Sarah_thompson_-_Eve.jpg/revision/latest?cb=20120303110621', 1, 0, 'sarah', 'skflm', NULL),
(NULL, 7, 355, NULL, 'http://www.urbandictionary.com/define.php?term=cutie', 1, 1, 'brian', 'ob3ki', NULL),
(NULL, 554, 358, NULL, 'http://1minlee.com', 1, 1, '', 'utwv9', NULL),
(1, 7, 359, NULL, 'http://www.desicomments.com/wp-content/uploads/Im-Sorry-1-Dc25.jpg', 1, 0, 'wonkyu', NULL, NULL),
(NULL, 473, 360, NULL, 'https://i.imgflip.com/1o1dh0.jpg', 1, 0, 'waveydawg', 'xu4af', NULL),
(NULL, 473, 361, NULL, 'http://i.imgur.com/sRncj1M.jpg', 1, 0, 'singsing', 'ej1ey', 'won2blee@gmail.com'),
(NULL, 473, 362, NULL, 'http://s2.quickmeme.com/img/d2/d2117295eff3a60556a1f4a5647fe64f997b85707cf4de9d7db18bcfe472ef5c.jpg', 1, 0, 'staticsickness', 'c6vxs', 'won2blee@gmail.com'),
(NULL, 7, 363, NULL, 'http://i.imgur.com/1Q1GMup.jpg', 1, 0, 'imaqtpie', 'xlwyw', 'rolls@gmail.com'),
(NULL, 7, 364, NULL, 'http://i.imgur.com/EOQjSGe.png', 1, 0, 'singsing', 'vto3t', '1min@domahub.com'),
(NULL, 473, 365, NULL, 'http://i.imgur.com/EGdBscX.jpg', 1, 0, '', 'qqhqo', 'wonq33@gmail.com'),
(NULL, 473, 366, NULL, 'http://i.imgur.com/0hQ96Fk.jpg', 1, 0, 'waga', 'c1lau', 'wonq33@gmail.com'),
(NULL, 473, 367, NULL, 'http://i.imgur.com/Q2xock3.jpg', 1, 0, 'lirik', '1lzu1', '1min@domahub.com');

-- --------------------------------------------------------

--
-- Table structure for table `rental_times`
--

CREATE TABLE IF NOT EXISTS `rental_times` (
  `id` int(11) NOT NULL AUTO_INCREMENT,
  `rental_id` int(11) NOT NULL,
  `date` bigint(20) NOT NULL DEFAULT '0',
  `duration` bigint(100) NOT NULL,
  PRIMARY KEY (`id`),
  UNIQUE KEY `id` (`id`),
  KEY `rental_id` (`rental_id`),
  KEY `rental_id_2` (`rental_id`)
) ENGINE=InnoDB  DEFAULT CHARSET=latin1 AUTO_INCREMENT=323 ;

--
-- Dumping data for table `rental_times`
--

INSERT INTO `rental_times` (`id`, `rental_id`, `date`, `duration`) VALUES
(31, 163, 1472515200000, 370800000),
(91, 184, 1472515200000, 21135624404),
(192, 263, 1482876000000, 370800000),
(193, 264, 1483765200000, 86400000),
(201, 265, 1483851600000, 86400000),
(202, 266, 1483938000000, 86400000),
(211, 292, 1485493200000, 86400000),
(227, 305, 1488430800000, 86400000),
(245, 313, 1489122000000, 86400000),
(259, 319, 1490068800000, 86400000),
(266, 322, 1490760000000, 345600000),
(269, 324, 1491796800000, 86400000),
(270, 325, 1491883200000, 86400000),
(271, 326, 1493179200000, 86400000),
(272, 327, 1493265600000, 86400000),
(278, 333, 1491710400000, 86400000),
(280, 334, 1491883200000, 86400000),
(281, 335, 1491969600000, 86400000),
(290, 340, 1492736400000, 1220400000),
(291, 341, 1493352000000, 172800000),
(292, 342, 1493438400000, 172800000),
(293, 343, 1493870400000, 604800000),
(294, 344, 1493352000000, 172800000),
(295, 345, 1493524800000, 604800000),
(296, 346, 1493956800000, 691200000),
(297, 347, 1493240400000, 889200000),
(298, 348, 1493265600000, 86400000),
(299, 349, 1493352000000, 86400000),
(300, 350, 1495598400000, 259200000),
(301, 351, 1493179200000, 111600000),
(302, 352, 1493244000000, 885600000),
(303, 353, 1493241240207, 1141200000),
(304, 354, 1493240400000, 284400000),
(305, 355, 1493240400000, 1926000000),
(308, 358, 1493247600000, 277200000),
(309, 359, 1493352000000, 86400000),
(310, 360, 1493347675011, 2937600000),
(311, 361, 1493409600000, 2880000000),
(312, 362, 1493600400000, 270000000),
(313, 363, 1493650800000, 478800000),
(314, 364, 1493654400000, 475200000),
(315, 365, 1493658000000, 212400000),
(316, 366, 1493661600000, 208800000),
(317, 367, 1493665200000, 291600000);

-- --------------------------------------------------------

--
-- Table structure for table `signup_codes`
--

CREATE TABLE IF NOT EXISTS `signup_codes` (
  `code` varchar(10) CHARACTER SET latin1 COLLATE latin1_bin DEFAULT NULL,
  `account_id` int(11) DEFAULT NULL,
  `referer_id` int(11) NOT NULL,
  `date_created` timestamp NULL DEFAULT CURRENT_TIMESTAMP ON UPDATE CURRENT_TIMESTAMP,
  `date_accessed` timestamp NULL DEFAULT NULL,
  UNIQUE KEY `code` (`code`),
  UNIQUE KEY `signup_code_account_id_fk` (`account_id`),
  UNIQUE KEY `code_unique` (`code`)
) ENGINE=InnoDB DEFAULT CHARSET=latin1;

--
-- Dumping data for table `signup_codes`
--

INSERT INTO `signup_codes` (`code`, `account_id`, `referer_id`, `date_created`, `date_accessed`) VALUES
('bdwclu9hvr', NULL, 1, '2017-02-08 19:59:05', NULL),
(NULL, 57, 1, '2017-03-13 22:20:54', '2017-03-13 22:20:55'),
(NULL, 60, 1, '2017-03-15 06:05:16', '2017-03-15 06:05:16'),
('jpehif5n6o', NULL, 1, '2017-02-08 19:58:18', NULL),
('t41cdd6iu0', NULL, 1, '2017-02-08 19:58:53', NULL),
('u3jjwdxk05', NULL, 1, '2017-02-08 19:59:18', NULL),
('yobg16ltjb', NULL, 1, '2017-02-08 19:59:14', NULL),
(NULL, 52, 1, '2017-03-13 20:39:28', '2017-03-13 20:39:28'),
('wukoofhtzs', NULL, 1, '2017-03-13 19:03:52', NULL),
('orsqxtynsc', NULL, 1, '2017-03-13 19:03:52', NULL),
(NULL, 58, 1, '2017-03-13 23:27:57', '2017-03-13 23:27:58'),
(NULL, 61, 1, '2017-03-17 16:49:25', '2017-03-17 16:49:25'),
('nwvncwfhug', NULL, 1, '2017-03-13 19:04:07', NULL),
('rtsjqcnhwo', NULL, 1, '2017-03-13 19:04:07', NULL),
(NULL, 53, 1, '2017-03-13 20:43:30', '2017-03-13 20:43:30'),
('dhcprpzesg', NULL, 1, '2017-03-13 19:04:07', NULL),
('aipcptxhtv', NULL, 1, '2017-03-13 19:04:07', NULL),
(NULL, 54, 1, '2017-03-13 20:53:25', '2017-03-13 20:53:25'),
('btqzywmtks', NULL, 1, '2017-03-13 19:04:07', NULL),
(NULL, 56, 1, '2017-03-13 21:07:56', '2017-03-13 21:07:56'),
(NULL, 59, 1, '2017-03-14 17:59:19', '2017-03-14 17:59:20'),
('eadc643612', NULL, 1, '2017-03-22 20:12:05', NULL),
(NULL, 71, 1, '2017-04-01 12:01:48', '2017-04-01 12:01:49'),
(NULL, 67, 1, '2017-03-23 09:10:35', '2017-03-23 09:10:35'),
('3ekoWUjgBL', NULL, 1, '2017-03-22 20:14:17', NULL),
(NULL, 65, 1, '2017-03-23 00:22:22', '2017-03-23 00:22:22'),
('gTnpDJfXbs', NULL, 1, '2017-03-22 20:14:17', NULL),
(NULL, 63, 1, '2017-03-22 21:48:32', '2017-03-22 21:48:32'),
(NULL, 64, 1, '2017-03-22 22:34:40', '2017-03-22 22:34:40'),
(NULL, 62, 1, '2017-03-22 21:00:41', '2017-03-22 21:00:42'),
(NULL, 68, 1, '2017-03-27 17:42:53', '2017-03-27 17:42:54'),
(NULL, 66, 1, '2017-03-23 07:47:51', '2017-03-23 07:47:51'),
('lzqeyfgqke', NULL, 1, '2017-03-13 19:04:07', NULL),
(NULL, 70, 1, '2017-03-30 18:03:47', '2017-03-30 18:03:47'),
('Qfj6iwRNQ5', NULL, 1, '2017-04-04 21:07:39', NULL);

-- --------------------------------------------------------

--
-- Table structure for table `stats_availcheck_history`
--

CREATE TABLE IF NOT EXISTS `stats_availcheck_history` (
  `domain_name` varchar(100) NOT NULL,
  `timestamp` bigint(20) NOT NULL,
  `account_id` int(11) DEFAULT NULL,
  `user_ip` varchar(50) NOT NULL,
  `path` varchar(100) DEFAULT NULL
) ENGINE=InnoDB DEFAULT CHARSET=latin1;

-- --------------------------------------------------------

--
-- Table structure for table `stats_checkout_history`
--

CREATE TABLE IF NOT EXISTS `stats_checkout_history` (
  `domain_name` varchar(100) NOT NULL,
  `timestamp` bigint(20) NOT NULL,
  `account_id` int(11) DEFAULT NULL,
  `user_ip` varchar(50) NOT NULL,
  `path` varchar(100) NOT NULL,
  `starttime` bigint(20) NOT NULL,
  `endtime` bigint(20) NOT NULL
) ENGINE=InnoDB DEFAULT CHARSET=latin1;

-- --------------------------------------------------------

--
-- Table structure for table `stats_rental_history`
--

CREATE TABLE IF NOT EXISTS `stats_rental_history` (
  `rental_id` int(11) NOT NULL,
  `timestamp` bigint(20) NOT NULL,
  `account_id` int(11) DEFAULT NULL,
  `user_ip` varchar(50) NOT NULL,
  KEY `rental_history_account_id_fk_idx` (`account_id`),
  KEY `rental_history_rental_id_fk_idx` (`rental_id`)
) ENGINE=InnoDB DEFAULT CHARSET=latin1;

--
-- Dumping data for table `stats_rental_history`
--

INSERT INTO `stats_rental_history` (`rental_id`, `timestamp`, `account_id`, `user_ip`) VALUES
(184, 1484792520202, NULL, '::ffff:74.108.107.230'),
(184, 1484806552546, NULL, '::ffff:74.108.107.230'),
(184, 1484806622642, NULL, '::ffff:74.108.107.230'),
(184, 1484807576897, NULL, '::ffff:5.255.250.91'),
(184, 1484807737752, NULL, '::ffff:74.108.107.230'),
(184, 1484808278383, NULL, '::ffff:74.108.107.230'),
(184, 1484808333055, NULL, '::ffff:74.108.107.230'),
(184, 1484808335244, NULL, '::ffff:74.108.107.230'),
(184, 1484808336733, NULL, '::ffff:74.108.107.230'),
(184, 1484809583258, NULL, '::ffff:207.46.13.254'),
(184, 1484809591085, NULL, '::ffff:207.46.13.23'),
(184, 1484810863921, NULL, '66.249.64.122'),
(184, 1484810864369, NULL, '66.249.64.126'),
(184, 1484812383543, NULL, '66.249.64.126'),
(184, 1484818452366, NULL, '::ffff:5.255.250.91'),
(184, 1484818455947, NULL, '::ffff:5.255.250.91'),
(184, 1484818784226, NULL, '::ffff:5.255.250.91'),
(184, 1484829611903, NULL, '::ffff:66.249.64.100'),
(184, 1484829836909, NULL, '::ffff:66.249.64.92'),
(184, 1484829976160, NULL, '::ffff:66.249.64.100'),
(184, 1484850279655, NULL, '::ffff:207.46.13.23'),
(184, 1484851084656, NULL, '::ffff:141.8.143.196'),
(184, 1484851088179, NULL, '::ffff:141.8.143.196'),
(184, 1484859087054, NULL, '::ffff:5.255.250.88'),
(264, 1, NULL, ''),
(163, 14414, NULL, ''),
(184, 1484879360547, NULL, '66.249.66.249'),
(184, 1484894330423, NULL, '::ffff:66.249.66.223'),
(184, 1484894330718, NULL, '::ffff:66.249.66.223'),
(184, 1484895468065, NULL, '::ffff:207.46.13.12'),
(184, 1484901345376, NULL, '::ffff:66.249.66.219'),
(184, 1484902680301, NULL, '::ffff:167.114.233.118'),
(184, 1484907140717, NULL, '66.249.66.245'),
(184, 1484907141202, NULL, '66.249.66.253'),
(184, 1484907141952, NULL, '66.249.66.253'),
(184, 1484907751117, NULL, '::ffff:66.249.66.219'),
(184, 1484926440831, NULL, '::ffff:66.249.66.219'),
(184, 1484927350506, NULL, '::ffff:66.249.66.227'),
(184, 1484928580327, NULL, '::ffff:66.249.66.227'),
(184, 1484930290924, NULL, '::ffff:81.193.61.75'),
(184, 1484933104655, NULL, '::ffff:5.255.250.91'),
(184, 1484933108280, NULL, '::ffff:5.255.250.91'),
(184, 1484936264249, NULL, '::ffff:207.46.13.12'),
(184, 1484944131608, NULL, '66.249.79.162'),
(184, 1484949323094, NULL, '66.249.79.158'),
(184, 1484952980811, NULL, '66.249.79.154'),
(184, 1484952982198, NULL, '66.249.79.162'),
(184, 1484960414339, NULL, '::ffff:66.249.79.164'),
(184, 1484962531806, NULL, '::ffff:207.46.13.12'),
(184, 1484968668510, NULL, '66.249.79.162'),
(184, 1484968669299, NULL, '66.249.79.154'),
(184, 1484977254755, NULL, '::ffff:185.38.14.171'),
(184, 1485022371495, NULL, '::ffff:5.255.250.91'),
(184, 1485022374995, NULL, '::ffff:5.255.250.91'),
(184, 1485027012933, NULL, '::ffff:136.243.65.78'),
(184, 1485027013595, NULL, '::ffff:136.243.65.78'),
(184, 1485044823084, NULL, '66.249.73.237'),
(184, 1485044823519, NULL, '66.249.73.234'),
(184, 1485045040900, NULL, '::ffff:207.46.13.201'),
(184, 1485045044419, NULL, '::ffff:40.77.167.28'),
(184, 1485057933466, NULL, '::ffff:66.249.73.196'),
(184, 1485057933828, NULL, '::ffff:66.249.73.200'),
(184, 1485060083485, NULL, '::ffff:66.249.73.200'),
(184, 1485064380913, NULL, '::ffff:66.249.73.204'),
(184, 1485071953246, NULL, '66.249.73.237'),
(184, 1485072877059, NULL, '::ffff:77.88.47.42'),
(184, 1485072880756, NULL, '::ffff:5.255.250.88'),
(184, 1485077014736, NULL, '::ffff:5.255.250.27'),
(184, 1485079694991, NULL, '::ffff:159.203.188.148'),
(184, 1485083283255, NULL, '::ffff:66.249.73.200'),
(184, 1485085998289, NULL, '::ffff:40.77.167.28'),
(184, 1485090576224, NULL, '::ffff:66.249.73.204'),
(184, 1485090577025, NULL, '::ffff:66.249.73.200'),
(184, 1485092738669, NULL, '::ffff:46.105.31.30'),
(184, 1485108271356, NULL, '::ffff:149.12.8.193'),
(184, 1485119692465, NULL, '::ffff:66.249.66.223'),
(184, 1485119991895, NULL, '::ffff:66.249.66.227'),
(184, 1485124641604, NULL, '::ffff:40.77.167.28'),
(184, 1485125497146, NULL, '::ffff:201.199.182.142'),
(184, 1485129726021, NULL, '::ffff:40.77.167.19'),
(184, 1485135598947, NULL, '::ffff:173.252.123.143'),
(184, 1485139125068, NULL, '::ffff:40.77.167.19'),
(184, 1485170073624, NULL, '::ffff:5.255.250.91'),
(184, 1485170077115, NULL, '::ffff:5.255.250.91'),
(184, 1485171197502, NULL, '::ffff:40.77.167.28'),
(184, 1485197005515, NULL, '::ffff:40.77.167.28'),
(184, 1485197013977, NULL, '::ffff:40.77.167.28'),
(184, 1485217055753, NULL, '::ffff:40.77.167.28'),
(184, 1485234607052, NULL, '::ffff:171.61.155.199'),
(184, 1485262047250, NULL, '::ffff:207.46.13.216'),
(184, 1485262073724, NULL, '::ffff:40.77.167.28'),
(184, 1485279795771, NULL, '::ffff:207.46.13.216'),
(184, 1485279812709, NULL, '::ffff:40.77.167.28'),
(184, 1485293901378, NULL, '::ffff:5.255.250.91'),
(184, 1485293904949, NULL, '::ffff:5.255.250.91'),
(184, 1485302787539, NULL, '::ffff:40.77.167.28'),
(184, 1485306736754, NULL, '::ffff:66.249.66.164'),
(184, 1485306737138, NULL, '::ffff:66.249.66.171'),
(184, 1485313303590, NULL, '::ffff:66.220.156.99'),
(184, 1485347878962, NULL, '::ffff:40.77.167.28'),
(184, 1485360155707, NULL, '::ffff:66.249.66.171'),
(184, 1485361690077, NULL, '66.249.66.253'),
(184, 1485361690391, NULL, '66.249.66.253'),
(184, 1485368220109, NULL, '::ffff:109.236.86.17'),
(184, 1485368220567, NULL, '::ffff:109.236.86.17'),
(184, 1485368221102, NULL, '::ffff:109.236.86.17'),
(184, 1485368236619, NULL, '::ffff:109.236.86.17'),
(184, 1485368237066, NULL, '::ffff:109.236.86.17'),
(184, 1485368237504, NULL, '::ffff:109.236.86.17'),
(184, 1485368237971, NULL, '::ffff:109.236.86.17'),
(184, 1485383677470, NULL, '::ffff:68.199.222.121'),
(184, 1485383680803, NULL, '::ffff:68.199.222.121'),
(184, 1485383684716, NULL, '::ffff:68.199.222.121'),
(184, 1485383685545, NULL, '::ffff:68.199.222.121'),
(184, 1485383718408, NULL, '::ffff:68.199.222.121'),
(184, 1485383720240, NULL, '::ffff:68.199.222.121'),
(184, 1485383760133, NULL, '::ffff:68.199.222.121'),
(184, 1485383761124, NULL, '::ffff:68.199.222.121'),
(184, 1485383761807, NULL, '::ffff:68.199.222.121'),
(184, 1485383762431, NULL, '::ffff:68.199.222.121'),
(184, 1485383885963, NULL, '::ffff:68.199.222.121'),
(184, 1485383887759, NULL, '::ffff:68.199.222.121'),
(184, 1485388261622, NULL, '::ffff:77.88.47.42'),
(184, 1485388265355, NULL, '::ffff:5.255.250.88'),
(184, 1485388510122, NULL, '::ffff:40.77.167.28'),
(184, 1485388510728, NULL, '::ffff:207.46.13.210'),
(184, 1485401901922, NULL, '::ffff:66.220.146.23'),
(184, 1485404650672, NULL, '::ffff:89.145.95.70'),
(184, 1485404654618, NULL, '::ffff:89.145.95.70'),
(184, 1485405472514, NULL, '::ffff:66.249.66.219'),
(184, 1485405472757, NULL, '::ffff:66.249.66.223'),
(184, 1485409773976, NULL, '::ffff:74.108.107.230'),
(184, 1485409777478, NULL, '::ffff:74.108.107.230'),
(184, 1485429390947, NULL, '::ffff:40.77.167.28'),
(184, 1485433656512, NULL, '::ffff:31.13.110.108'),
(184, 1485439589976, NULL, '::ffff:93.95.103.45'),
(184, 1485459414557, NULL, '::ffff:66.249.64.96'),
(184, 1485464904799, NULL, '::ffff:66.249.64.92'),
(184, 1485467366427, NULL, '::ffff:66.249.64.37'),
(184, 1485469622465, NULL, '::ffff:40.77.167.28'),
(184, 1485484312741, NULL, '::ffff:193.81.222.181'),
(184, 1485512487138, NULL, '::ffff:191.241.168.30'),
(184, 1485514195826, NULL, '::ffff:40.77.167.28'),
(184, 1485520649564, NULL, '::ffff:31.8.74.82'),
(184, 1485520649980, NULL, '::ffff:31.8.74.82'),
(184, 1485521090761, NULL, '::ffff:31.8.74.82'),
(184, 1485521091232, NULL, '::ffff:31.8.74.82'),
(184, 1485521172023, NULL, '::ffff:31.8.74.82'),
(184, 1485521199711, NULL, '::ffff:31.8.74.82'),
(184, 1485521415447, NULL, '::ffff:194.190.95.50'),
(184, 1485521415776, NULL, '::ffff:194.190.95.50'),
(184, 1485521858702, NULL, '::ffff:194.190.95.50'),
(184, 1485521859097, NULL, '::ffff:194.190.95.50'),
(184, 1485521970040, NULL, '::ffff:194.190.95.50'),
(184, 1485521995976, NULL, '::ffff:194.190.95.50'),
(184, 1485522221791, NULL, '::ffff:178.209.98.30'),
(184, 1485522222112, NULL, '::ffff:178.209.98.30'),
(184, 1485522657093, NULL, '::ffff:178.209.98.30'),
(184, 1485522657409, NULL, '::ffff:178.209.98.30'),
(184, 1485522728419, NULL, '::ffff:178.209.98.30'),
(184, 1485522756575, NULL, '::ffff:178.209.98.30'),
(184, 1485522898810, NULL, '::ffff:91.230.210.27'),
(184, 1485522899566, NULL, '::ffff:91.230.210.27'),
(184, 1485523395512, NULL, '::ffff:91.230.210.27'),
(184, 1485523396217, NULL, '::ffff:91.230.210.27'),
(184, 1485523607334, NULL, '::ffff:91.230.210.27'),
(184, 1485523710745, NULL, '::ffff:91.230.210.27'),
(184, 1485523867287, NULL, '::ffff:95.143.7.46'),
(184, 1485523867621, NULL, '::ffff:95.143.7.46'),
(184, 1485524270845, NULL, '::ffff:95.143.7.46'),
(184, 1485524271165, NULL, '::ffff:95.143.7.46'),
(184, 1485524390907, NULL, '::ffff:95.143.7.46'),
(184, 1485524450961, NULL, '::ffff:64.185.231.58'),
(184, 1485524453826, NULL, '::ffff:95.143.7.46'),
(292, 1485539443303, NULL, '::ffff:5.255.250.91'),
(292, 1485539446870, NULL, '::ffff:5.255.250.91'),
(184, 1485539744200, NULL, '::ffff:40.77.167.28'),
(292, 1485548871878, NULL, '::ffff:45.32.130.87'),
(292, 1485567870070, NULL, '::ffff:208.54.37.252'),
(292, 1485567870566, NULL, '::ffff:208.54.37.252'),
(184, 1485569569619, NULL, '::ffff:207.46.13.237'),
(184, 1485569578550, NULL, '::ffff:40.77.167.28'),
(184, 1485569583788, NULL, '::ffff:40.77.167.28'),
(292, 1485575839229, NULL, '::ffff:95.211.216.24'),
(184, 1485580704754, NULL, '::ffff:40.77.167.28'),
(184, 1485605521402, NULL, '::ffff:46.166.148.176'),
(184, 1485621223663, NULL, '::ffff:207.46.13.205'),
(184, 1485621262646, NULL, '::ffff:40.77.167.28'),
(184, 1485636090076, NULL, '::ffff:5.255.250.91'),
(184, 1485636093711, NULL, '::ffff:5.255.250.91'),
(184, 1485638018859, NULL, '::ffff:5.255.250.91'),
(184, 1485667666134, NULL, '::ffff:40.77.167.28'),
(184, 1485703204637, NULL, '::ffff:40.77.167.28'),
(184, 1485743555695, NULL, '::ffff:40.77.167.28'),
(184, 1485752034118, NULL, '::ffff:40.77.167.28'),
(184, 1485752037637, NULL, '::ffff:40.77.167.28'),
(184, 1485774040242, NULL, '::ffff:5.255.250.91'),
(184, 1485774043769, NULL, '::ffff:5.255.250.91'),
(184, 1485806440242, NULL, '::ffff:5.255.250.91'),
(184, 1485806443717, NULL, '::ffff:5.255.250.91'),
(184, 1485806447635, NULL, '::ffff:5.255.250.91'),
(184, 1485809468169, NULL, '::ffff:66.249.66.164'),
(184, 1485809468469, NULL, '::ffff:66.249.66.164'),
(184, 1485817226384, NULL, '::ffff:95.211.216.24'),
(184, 1485829250364, NULL, '::ffff:5.255.250.91'),
(184, 1485829253878, NULL, '::ffff:5.255.250.91'),
(184, 1485831529095, NULL, '::ffff:207.46.13.208'),
(184, 1485831531714, NULL, '::ffff:40.77.167.28'),
(184, 1485835590462, NULL, '::ffff:158.85.184.117'),
(184, 1485872526852, NULL, '::ffff:40.77.167.28'),
(184, 1485917578798, NULL, '::ffff:40.77.167.28'),
(184, 1485930468913, NULL, '::ffff:77.88.47.42'),
(184, 1485930472594, NULL, '::ffff:5.255.250.88'),
(184, 1485935640355, NULL, '::ffff:45.32.131.61'),
(184, 1485941910808, NULL, '::ffff:54.167.86.1'),
(184, 1485942078403, NULL, '::ffff:54.167.86.1'),
(184, 1485942082951, NULL, '::ffff:54.221.32.151'),
(184, 1485942103906, NULL, '::ffff:54.221.15.202'),
(184, 1485942134529, NULL, '::ffff:54.226.242.21'),
(184, 1485942147893, NULL, '::ffff:54.226.242.21'),
(184, 1485942869021, NULL, '::ffff:54.90.192.113'),
(184, 1485942880147, NULL, '::ffff:54.196.133.48'),
(184, 1485942990730, NULL, '::ffff:107.20.5.120'),
(184, 1485943017187, NULL, '::ffff:54.90.192.113'),
(184, 1485945874398, NULL, '::ffff:138.197.81.62'),
(184, 1485959647404, NULL, '::ffff:207.46.13.209'),
(184, 1485967610405, NULL, '::ffff:5.255.250.91'),
(184, 1485967613926, NULL, '::ffff:5.255.250.91'),
(184, 1485974224375, NULL, '::ffff:91.200.165.53'),
(184, 1485974225085, NULL, '::ffff:91.200.165.53'),
(184, 1485974225787, NULL, '::ffff:91.200.165.53'),
(184, 1485974226487, NULL, '::ffff:91.200.165.53'),
(184, 1485974227075, NULL, '::ffff:91.200.165.53'),
(184, 1485977378963, NULL, '::ffff:157.55.39.35'),
(184, 1486003963995, NULL, '::ffff:40.77.167.69'),
(184, 1486006456618, NULL, '::ffff:66.249.79.168'),
(184, 1486006457264, NULL, '::ffff:66.249.79.164'),
(184, 1486045778485, NULL, '::ffff:207.46.13.234'),
(184, 1486045781645, NULL, '::ffff:40.77.167.69'),
(184, 1486061461443, NULL, '::ffff:5.255.250.91'),
(184, 1486061465069, NULL, '::ffff:5.255.250.91'),
(184, 1486074041198, NULL, '::ffff:5.255.250.91'),
(184, 1486074044814, NULL, '::ffff:5.255.250.91'),
(184, 1486074651006, NULL, '::ffff:207.46.13.222'),
(184, 1486102500283, NULL, '::ffff:193.70.14.60'),
(184, 1486124349133, NULL, '::ffff:5.91.74.9'),
(184, 1486140591069, NULL, '::ffff:207.46.13.226'),
(184, 1486140592831, NULL, '::ffff:40.77.167.69'),
(184, 1486154510764, NULL, '::ffff:177.13.25.42'),
(184, 1486165059976, NULL, '::ffff:40.77.167.69'),
(184, 1486165064731, NULL, '::ffff:40.77.167.69'),
(184, 1486181131412, NULL, '::ffff:77.88.47.42'),
(184, 1486181135176, NULL, '::ffff:5.255.250.88'),
(184, 1486182267899, NULL, '::ffff:40.77.167.69'),
(184, 1486195629613, NULL, '::ffff:5.255.250.91'),
(184, 1486195633005, NULL, '::ffff:5.255.250.91'),
(184, 1486219540128, NULL, '::ffff:66.249.73.196'),
(184, 1486219664668, NULL, '::ffff:66.249.73.204'),
(184, 1486219814814, NULL, '::ffff:66.249.73.204'),
(184, 1486222417625, NULL, '::ffff:40.77.167.69'),
(184, 1486266290338, NULL, '::ffff:40.77.167.69'),
(184, 1486282722463, NULL, '::ffff:192.160.102.164'),
(184, 1486283575124, NULL, '::ffff:173.252.90.102'),
(184, 1486288803771, NULL, '::ffff:93.57.254.146'),
(184, 1486298916092, NULL, '::ffff:31.13.113.178'),
(184, 1486309848206, NULL, '::ffff:40.77.167.69'),
(184, 1486341128404, NULL, '::ffff:5.255.250.91'),
(184, 1486341131821, NULL, '::ffff:5.255.250.91'),
(184, 1486355458840, NULL, '::ffff:207.46.13.247'),
(184, 1486355464461, NULL, '::ffff:40.77.167.69'),
(184, 1486369601758, NULL, '::ffff:141.8.143.196'),
(184, 1486369605275, NULL, '::ffff:141.8.143.196'),
(184, 1486393359672, NULL, '::ffff:77.88.47.42'),
(184, 1486393363452, NULL, '::ffff:5.255.250.88'),
(184, 1486396227461, NULL, '::ffff:40.77.167.69'),
(184, 1486396231414, NULL, '::ffff:40.77.167.69'),
(184, 1486398000797, NULL, '::ffff:40.77.167.69'),
(184, 1486399002773, NULL, '66.249.64.40'),
(184, 1486399003079, NULL, '66.249.64.42'),
(184, 1486401303146, NULL, '::ffff:66.249.64.40'),
(184, 1486401303519, NULL, '::ffff:66.249.64.37'),
(184, 1486404943922, NULL, '66.249.64.40'),
(184, 1486429102709, NULL, '66.249.64.42'),
(184, 1486431303514, NULL, '::ffff:158.69.63.16'),
(184, 1486441179988, NULL, '::ffff:207.46.13.201'),
(184, 1486444755031, NULL, '::ffff:162.210.196.97'),
(184, 1486444756735, NULL, '::ffff:162.210.196.97'),
(184, 1486450098824, NULL, '::ffff:5.255.250.91'),
(184, 1486450102359, NULL, '::ffff:5.255.250.91'),
(184, 1486465730196, NULL, '::ffff:40.77.167.69'),
(184, 1486468598377, NULL, '::ffff:5.9.62.130'),
(184, 1486468600275, NULL, '::ffff:5.9.62.130'),
(184, 1486468602205, NULL, '::ffff:5.9.62.130'),
(184, 1486468604043, NULL, '::ffff:5.9.62.130'),
(184, 1486468606911, NULL, '::ffff:5.9.62.130'),
(184, 1486468608812, NULL, '::ffff:5.9.62.130'),
(184, 1486468616620, NULL, '::ffff:5.9.62.130'),
(184, 1486469509265, NULL, '::ffff:95.211.138.129'),
(184, 1486477287231, NULL, '::ffff:141.8.143.196'),
(184, 1486477290882, NULL, '::ffff:141.8.143.196'),
(184, 1486484384624, NULL, '::ffff:207.46.13.222'),
(184, 1486484385078, NULL, '::ffff:207.46.13.222'),
(184, 1486505435530, NULL, '::ffff:40.77.167.69'),
(184, 1486527627921, NULL, '::ffff:207.46.13.69'),
(184, 1486531067297, NULL, '::ffff:31.13.114.67'),
(184, 1486548507270, NULL, '::ffff:107.21.1.8'),
(184, 1486548507374, NULL, '::ffff:107.21.1.8'),
(184, 1486569495464, NULL, '::ffff:207.46.13.69'),
(184, 1486585414400, NULL, '::ffff:31.13.113.182'),
(184, 1486586087582, NULL, '::ffff:207.46.13.69'),
(184, 1486597490768, NULL, '::ffff:31.13.113.183'),
(184, 1486608698291, NULL, '::ffff:141.8.143.211'),
(184, 1486608701893, NULL, '::ffff:141.8.143.211'),
(184, 1486612109735, NULL, '::ffff:207.46.13.69'),
(184, 1486642413906, NULL, '::ffff:5.255.250.88'),
(184, 1486642417572, NULL, '::ffff:77.88.47.49'),
(184, 1486647869234, NULL, '::ffff:66.220.156.114'),
(184, 1486650451019, NULL, '::ffff:207.46.13.69'),
(184, 1486650456901, NULL, '::ffff:207.46.13.69'),
(184, 1486653848308, NULL, '::ffff:207.46.13.69'),
(184, 1486665797063, NULL, '::ffff:74.108.107.230'),
(184, 1486665799595, NULL, '::ffff:74.108.107.230'),
(184, 1486665799704, NULL, '::ffff:74.108.107.230'),
(184, 1486671721981, NULL, '::ffff:66.249.64.37'),
(184, 1486671722461, NULL, '::ffff:66.249.64.34'),
(184, 1486671723269, NULL, '::ffff:66.249.64.40'),
(184, 1486679541430, NULL, '::ffff:66.249.64.40'),
(184, 1486682422683, NULL, '::ffff:104.207.150.177'),
(184, 1486688092220, NULL, '::ffff:107.21.1.8'),
(184, 1486688092321, NULL, '::ffff:107.21.1.8'),
(184, 1486688610292, NULL, '::ffff:31.13.113.169'),
(184, 1486695383078, NULL, '::ffff:207.46.13.230'),
(184, 1486695385712, NULL, '::ffff:207.46.13.69'),
(184, 1486711334832, NULL, '::ffff:66.249.64.40'),
(184, 1486722505019, NULL, '::ffff:5.255.250.91'),
(184, 1486722508684, NULL, '::ffff:5.255.250.91'),
(184, 1486723755871, NULL, '::ffff:5.34.111.104'),
(184, 1486723759789, NULL, '::ffff:5.34.111.104'),
(184, 1486723761098, NULL, '::ffff:5.34.111.104'),
(184, 1486723762704, NULL, '::ffff:5.34.111.104'),
(184, 1486736132029, NULL, '::ffff:207.46.13.69'),
(184, 1486751403056, NULL, '::ffff:69.63.188.113'),
(184, 1486769030456, NULL, '::ffff:129.10.232.9'),
(184, 1486776789058, NULL, '::ffff:207.46.13.69'),
(184, 1486782155921, NULL, '::ffff:207.46.13.69'),
(184, 1486798938901, NULL, '::ffff:185.100.87.241'),
(184, 1486802431841, NULL, '::ffff:5.255.250.91'),
(184, 1486802435346, NULL, '::ffff:5.255.250.91'),
(184, 1486817451528, NULL, '::ffff:207.46.13.69'),
(184, 1486819350039, NULL, '::ffff:186.207.119.64'),
(184, 1486821123614, NULL, '::ffff:5.255.250.91'),
(184, 1486821127151, NULL, '::ffff:5.255.250.91'),
(184, 1486857640513, NULL, '::ffff:207.46.13.229'),
(184, 1486857658792, NULL, '::ffff:207.46.13.69'),
(184, 1486865379271, NULL, '66.249.64.37'),
(184, 1486865379686, NULL, '66.249.64.42'),
(184, 1486872378172, NULL, '::ffff:66.249.64.34'),
(184, 1486872378416, NULL, '::ffff:66.249.64.34'),
(184, 1486879341498, NULL, '::ffff:187.155.31.144'),
(184, 1486883979282, NULL, '66.249.64.42'),
(184, 1486885484870, NULL, '::ffff:5.255.250.91'),
(184, 1486885488693, NULL, '::ffff:5.255.250.91'),
(184, 1486888397815, NULL, '::ffff:5.255.250.91'),
(184, 1486890625654, NULL, '::ffff:207.46.13.69'),
(184, 1486893554258, NULL, '::ffff:54.198.117.169'),
(184, 1486897999114, NULL, '::ffff:90.15.79.91'),
(184, 1486931545711, NULL, '::ffff:207.46.13.69'),
(184, 1486960957341, NULL, '::ffff:77.88.47.42'),
(184, 1486960961105, NULL, '::ffff:77.88.47.49'),
(184, 1486973960289, NULL, '::ffff:207.46.13.69'),
(184, 1486973976783, NULL, '::ffff:207.46.13.69'),
(184, 1486976689286, NULL, '::ffff:207.46.13.69'),
(184, 1487004418183, NULL, '::ffff:179.186.198.166'),
(184, 1487017534114, NULL, '::ffff:207.46.13.69'),
(184, 1487031249520, NULL, '::ffff:141.8.143.216'),
(184, 1487031253296, NULL, '::ffff:5.255.250.71'),
(184, 1487031474623, NULL, '::ffff:31.13.113.174'),
(184, 1487032605131, NULL, '::ffff:176.9.50.43'),
(184, 1487062849506, NULL, '::ffff:207.46.13.198'),
(184, 1487062871058, NULL, '::ffff:207.46.13.69'),
(184, 1487072081721, NULL, '::ffff:197.221.252.20'),
(184, 1487078152716, NULL, '::ffff:144.217.80.113'),
(184, 1487089281313, NULL, '::ffff:185.169.229.167'),
(184, 1487103893523, NULL, '::ffff:207.46.13.69'),
(184, 1487119543904, NULL, '::ffff:207.46.13.208'),
(184, 1487119549056, NULL, '::ffff:207.46.13.69'),
(184, 1487120316505, NULL, '::ffff:5.255.250.91'),
(184, 1487120320076, NULL, '::ffff:5.255.250.91'),
(184, 1487120924960, NULL, '::ffff:5.255.250.91'),
(184, 1487121517918, NULL, '::ffff:5.255.250.91'),
(184, 1487122585111, NULL, '::ffff:83.149.126.98'),
(184, 1487122587782, NULL, '::ffff:83.149.126.98'),
(184, 1487128230230, NULL, '::ffff:5.255.250.91'),
(184, 1487132003778, NULL, '::ffff:5.255.250.91'),
(184, 1487132007338, NULL, '::ffff:5.255.250.91'),
(184, 1487135210731, NULL, '::ffff:5.255.250.91'),
(184, 1487135912309, NULL, '::ffff:207.46.13.69'),
(184, 1487157262195, NULL, '::ffff:93.190.95.14'),
(184, 1487165617928, NULL, '::ffff:207.46.13.200'),
(184, 1487165628818, NULL, '::ffff:207.46.13.69'),
(184, 1487197831410, NULL, '::ffff:177.114.125.23'),
(184, 1487208946402, NULL, '::ffff:91.200.12.49'),
(184, 1487208972861, NULL, '::ffff:91.200.12.49'),
(184, 1487209018088, NULL, '::ffff:91.200.12.49'),
(184, 1487209018517, NULL, '::ffff:91.200.12.49'),
(184, 1487211660507, NULL, '::ffff:40.77.167.67'),
(184, 1487245925407, NULL, '::ffff:5.255.250.91'),
(184, 1487245928918, NULL, '::ffff:5.255.250.91'),
(184, 1487252964274, NULL, '::ffff:5.255.250.91'),
(184, 1487255548574, NULL, '::ffff:157.55.39.17'),
(184, 1487270389894, NULL, '::ffff:31.13.113.189'),
(184, 1487293743634, NULL, '::ffff:35.166.40.117'),
(184, 1487298881496, NULL, '::ffff:207.46.13.237'),
(184, 1487301440955, NULL, '::ffff:69.58.178.58'),
(184, 1487301443446, NULL, '::ffff:69.58.178.58'),
(184, 1487301446946, NULL, '::ffff:69.58.178.58'),
(184, 1487306532085, NULL, '::ffff:66.249.66.164'),
(184, 1487306532372, NULL, '::ffff:66.249.66.168'),
(184, 1487321037284, NULL, '::ffff:66.249.66.164'),
(184, 1487321941055, NULL, '::ffff:213.156.199.25'),
(184, 1487342641177, NULL, '::ffff:207.46.13.243'),
(184, 1487342657369, NULL, '::ffff:207.46.13.237'),
(184, 1487343155687, NULL, '::ffff:66.220.158.100'),
(184, 1487380176676, NULL, '::ffff:5.255.250.91'),
(184, 1487380179829, NULL, '::ffff:5.255.250.91'),
(184, 1487386039096, NULL, '::ffff:207.46.13.237'),
(184, 1487397981332, NULL, '::ffff:207.46.13.237'),
(184, 1487398331014, NULL, '::ffff:45.32.130.87'),
(184, 1487402366772, NULL, '::ffff:199.15.233.168'),
(184, 1487402367164, NULL, '::ffff:199.15.233.168'),
(184, 1487404311018, NULL, '::ffff:141.8.143.196'),
(184, 1487404314687, NULL, '::ffff:141.8.143.196'),
(184, 1487406400125, NULL, '::ffff:91.200.12.33'),
(184, 1487406409544, NULL, '::ffff:91.200.12.33'),
(184, 1487406459982, NULL, '::ffff:91.200.12.33'),
(184, 1487406463371, NULL, '::ffff:91.200.12.33'),
(184, 1487406914999, NULL, '66.249.73.234'),
(184, 1487406915454, NULL, '66.249.73.234'),
(184, 1487409917805, NULL, '::ffff:46.101.127.145'),
(184, 1487410244886, NULL, '66.249.73.231'),
(184, 1487411485198, NULL, '::ffff:66.249.73.204'),
(184, 1487411485517, NULL, '::ffff:66.249.73.204'),
(184, 1487419443536, NULL, '::ffff:207.46.13.237'),
(184, 1487419457254, NULL, '::ffff:207.46.13.237'),
(184, 1487441709586, NULL, '::ffff:207.46.13.237'),
(184, 1487453676619, NULL, '::ffff:66.249.66.164'),
(184, 1487455229948, NULL, '::ffff:189.30.4.113'),
(184, 1487459445808, NULL, '::ffff:66.249.66.168'),
(184, 1487484595166, NULL, '::ffff:207.46.13.237'),
(184, 1487511174805, NULL, '::ffff:52.25.122.161'),
(184, 1487517298287, NULL, '::ffff:5.255.250.91'),
(184, 1487517301818, NULL, '::ffff:5.255.250.91'),
(184, 1487527718216, NULL, '::ffff:207.46.13.197'),
(184, 1487527725810, NULL, '::ffff:207.46.13.237'),
(184, 1487538073515, NULL, '::ffff:185.146.171.197'),
(184, 1487548789617, NULL, '::ffff:31.13.113.178'),
(184, 1487557767062, NULL, '::ffff:66.249.66.164'),
(184, 1487557767432, NULL, '::ffff:66.249.66.168'),
(184, 1487563878237, NULL, '::ffff:66.249.66.171'),
(184, 1487569251712, NULL, '::ffff:5.255.250.91'),
(184, 1487569255537, NULL, '::ffff:5.255.250.91'),
(184, 1487571852697, NULL, '::ffff:207.46.13.237'),
(184, 1487571852774, NULL, '::ffff:207.46.13.236'),
(184, 1487572924444, NULL, '::ffff:207.46.13.237'),
(184, 1487572929201, NULL, '::ffff:207.46.13.237'),
(184, 1487578049218, NULL, '66.249.66.154'),
(184, 1487578049596, NULL, '66.249.66.162'),
(184, 1487590469553, NULL, '66.249.66.158'),
(184, 1487592288072, NULL, '::ffff:66.249.66.164'),
(184, 1487593800444, NULL, '66.249.66.162'),
(184, 1487608438283, NULL, '66.249.66.154'),
(184, 1487615193524, NULL, '::ffff:207.46.13.237'),
(184, 1487626117794, NULL, '::ffff:66.249.66.171'),
(184, 1487642795701, NULL, '::ffff:103.9.41.167'),
(184, 1487642804577, NULL, '::ffff:103.9.41.167'),
(184, 1487642816130, NULL, '::ffff:103.9.41.167'),
(184, 1487642827621, NULL, '::ffff:103.9.41.167'),
(184, 1487642830038, NULL, '::ffff:103.9.41.167'),
(184, 1487642832787, NULL, '::ffff:103.9.41.167'),
(184, 1487642834114, NULL, '::ffff:103.9.41.167'),
(184, 1487642835789, NULL, '::ffff:103.9.41.167'),
(184, 1487642837353, NULL, '::ffff:103.9.41.167'),
(184, 1487642838387, NULL, '::ffff:103.9.41.167'),
(184, 1487642839217, NULL, '::ffff:103.9.41.167'),
(184, 1487642840465, NULL, '::ffff:103.9.41.167'),
(184, 1487642841276, NULL, '::ffff:103.9.41.167'),
(184, 1487642842186, NULL, '::ffff:103.9.41.167'),
(184, 1487642843620, NULL, '::ffff:103.9.41.167'),
(184, 1487652855845, NULL, '::ffff:46.22.115.130'),
(184, 1487652927938, NULL, '46.22.115.130'),
(184, 1487658065827, NULL, '::ffff:207.46.13.237'),
(184, 1487660856945, NULL, '::ffff:66.249.66.164'),
(184, 1487660857234, NULL, '::ffff:66.249.66.164'),
(184, 1487672756760, NULL, '::ffff:66.249.66.168'),
(184, 1487693706536, NULL, '66.249.66.158'),
(184, 1487693706959, NULL, '66.249.66.158'),
(184, 1487698566734, NULL, '66.249.66.158'),
(184, 1487700715548, NULL, '66.249.66.162'),
(184, 1487702114051, NULL, '::ffff:207.46.13.206'),
(184, 1487702341545, NULL, '::ffff:207.46.13.237'),
(184, 1487703276254, NULL, '::ffff:62.212.73.49'),
(184, 1487709264628, NULL, '::ffff:66.249.66.168'),
(184, 1487712031547, NULL, '::ffff:66.249.66.164'),
(184, 1487728377552, NULL, '::ffff:141.8.143.196'),
(184, 1487728381115, NULL, '::ffff:141.8.143.196'),
(184, 1487743730407, NULL, '::ffff:66.249.66.168'),
(184, 1487750708958, NULL, '::ffff:13.85.82.164'),
(184, 1487756312279, NULL, '66.249.66.158'),
(184, 1487757089215, NULL, '::ffff:207.46.13.150'),
(184, 1487760271961, NULL, '66.249.66.154'),
(184, 1487760581707, NULL, '66.249.66.162'),
(184, 1487780140896, NULL, '::ffff:66.249.66.171'),
(184, 1487780141268, NULL, '::ffff:66.249.66.164'),
(184, 1487782394370, NULL, '::ffff:199.58.86.211'),
(184, 1487782396440, NULL, '::ffff:199.58.86.211'),
(184, 1487786133997, NULL, '::ffff:100.43.90.13'),
(184, 1487786137463, NULL, '::ffff:100.43.90.13'),
(184, 1487788614930, NULL, '::ffff:207.46.13.150'),
(184, 1487788619712, NULL, '::ffff:207.46.13.150'),
(184, 1487788677857, NULL, '::ffff:66.249.66.171'),
(184, 1487792316962, NULL, '66.249.75.40'),
(184, 1487792317393, NULL, '66.249.75.37'),
(184, 1487796007524, NULL, '66.249.75.37'),
(184, 1487796606823, NULL, '66.249.75.40'),
(184, 1487815371442, NULL, '::ffff:66.249.75.60'),
(184, 1487815550850, NULL, '::ffff:66.249.75.58'),
(184, 1487824507204, NULL, '::ffff:31.13.114.68'),
(184, 1487831835283, NULL, '66.249.75.37'),
(184, 1487835752254, NULL, '::ffff:207.46.13.150'),
(184, 1487837959877, NULL, '66.249.75.40'),
(184, 1487862769668, NULL, '66.249.75.40'),
(184, 1487869379638, NULL, '::ffff:173.252.88.188'),
(184, 1487883281200, NULL, '::ffff:5.255.250.91'),
(184, 1487883284825, NULL, '::ffff:5.255.250.91'),
(184, 1487885738664, NULL, '::ffff:5.255.250.91'),
(184, 1487888346128, NULL, '::ffff:207.46.13.198'),
(184, 1487888350816, NULL, '::ffff:207.46.13.150'),
(184, 1487899011615, NULL, '::ffff:192.99.66.150'),
(184, 1487899030096, NULL, '::ffff:192.99.66.150'),
(184, 1487899031008, NULL, '::ffff:192.99.66.150'),
(184, 1487899039325, NULL, '::ffff:192.99.66.150'),
(184, 1487899040296, NULL, '::ffff:192.99.66.150'),
(184, 1487899041229, NULL, '::ffff:192.99.66.150'),
(184, 1487899049590, NULL, '::ffff:192.99.66.150'),
(184, 1487899057857, NULL, '::ffff:192.99.66.150'),
(184, 1487908703631, NULL, '::ffff:66.220.156.123'),
(184, 1487925172438, NULL, '::ffff:91.200.165.53'),
(184, 1487925188993, NULL, '::ffff:91.200.165.53'),
(184, 1487932280041, NULL, '::ffff:5.255.250.91'),
(184, 1487932283501, NULL, '::ffff:5.255.250.91'),
(184, 1487933463635, NULL, '66.249.79.158'),
(184, 1487933463969, NULL, '66.249.79.158'),
(184, 1487938966651, NULL, '::ffff:207.46.13.150'),
(184, 1487939282499, NULL, '::ffff:66.249.79.171'),
(184, 1487939282896, NULL, '::ffff:66.249.79.164'),
(184, 1487944388247, NULL, '::ffff:69.63.188.105'),
(184, 1487965425276, NULL, '::ffff:66.249.79.168'),
(184, 1487966944981, NULL, '66.249.79.154'),
(184, 1487973985887, NULL, '66.249.79.162'),
(184, 1487984027528, NULL, '::ffff:66.249.66.168'),
(184, 1487985424484, NULL, '::ffff:40.77.167.129'),
(184, 1487987154030, NULL, '::ffff:66.249.66.171'),
(184, 1487989294595, NULL, '::ffff:66.249.66.164'),
(184, 1487991125989, NULL, '::ffff:66.249.66.171'),
(184, 1487991154599, NULL, '::ffff:100.43.90.13'),
(184, 1487991158429, NULL, '::ffff:100.43.90.13'),
(184, 1488005133882, NULL, '66.249.66.162'),
(184, 1488010614025, NULL, '66.249.66.158'),
(184, 1488015270888, NULL, '::ffff:5.255.250.91'),
(184, 1488015274426, NULL, '::ffff:5.255.250.91'),
(184, 1488017015251, NULL, '::ffff:104.236.141.156'),
(184, 1488022175586, NULL, '::ffff:5.255.250.91'),
(184, 1488024619566, NULL, '::ffff:83.103.188.9'),
(184, 1488029792477, NULL, '::ffff:40.77.167.129'),
(184, 1488032077446, NULL, '::ffff:40.77.167.129'),
(184, 1488035702004, NULL, '::ffff:40.77.167.129'),
(184, 1488038825251, NULL, '66.249.64.42'),
(184, 1488038825681, NULL, '66.249.64.37'),
(184, 1488043096964, NULL, '66.249.64.37'),
(184, 1488049225447, NULL, '66.249.64.40'),
(184, 1488054323243, NULL, '::ffff:66.249.64.34'),
(184, 1488054323929, NULL, '::ffff:66.249.64.37'),
(184, 1488072663565, NULL, '66.249.64.40'),
(184, 1488077584680, NULL, '::ffff:207.46.13.231'),
(184, 1488077592317, NULL, '::ffff:40.77.167.129'),
(184, 1488078160085, NULL, '::ffff:66.249.64.40'),
(184, 1488078470267, NULL, '::ffff:66.249.64.37'),
(184, 1488079689557, NULL, '::ffff:66.249.64.37'),
(184, 1488089160715, NULL, '::ffff:66.249.64.40'),
(184, 1488095579330, NULL, '::ffff:66.249.64.34'),
(184, 1488101553130, NULL, '::ffff:66.249.64.34'),
(184, 1488101921741, NULL, '204.79.180.68'),
(184, 1488101922198, NULL, '204.79.180.68'),
(184, 1488102469349, NULL, '::ffff:66.249.64.40'),
(184, 1488104293042, NULL, '66.249.64.40'),
(184, 1488105504454, NULL, '::ffff:66.249.64.37'),
(184, 1488106844513, NULL, '::ffff:40.77.167.129'),
(184, 1488111438090, NULL, '::ffff:40.77.167.129'),
(184, 1488112544377, NULL, '::ffff:66.249.64.37'),
(184, 1488113804945, NULL, '::ffff:5.255.250.91'),
(184, 1488113808573, NULL, '::ffff:5.255.250.91'),
(184, 1488115902584, NULL, '66.249.64.40'),
(184, 1488115903380, NULL, '66.249.64.37'),
(184, 1488116170808, NULL, '66.249.64.40'),
(184, 1488116176738, NULL, '66.249.64.37'),
(184, 1488116181687, NULL, '66.249.64.37'),
(184, 1488116187178, NULL, '66.249.64.37'),
(184, 1488116193185, NULL, '66.249.64.37'),
(184, 1488116203008, NULL, '::ffff:66.249.64.34'),
(184, 1488116503472, NULL, '::ffff:66.249.64.40'),
(184, 1488121677843, NULL, '::ffff:40.77.167.129'),
(184, 1488126391397, NULL, '::ffff:66.249.64.92'),
(184, 1488126687891, NULL, '::ffff:66.249.64.92'),
(184, 1488130553851, NULL, '::ffff:45.32.128.51'),
(184, 1488135838267, NULL, '::ffff:66.249.64.100'),
(184, 1488142383980, NULL, '66.249.64.122'),
(184, 1488142384291, NULL, '66.249.64.126'),
(184, 1488144201088, NULL, '::ffff:66.249.64.96'),
(184, 1488144201408, NULL, '::ffff:66.249.64.100'),
(184, 1488144502181, NULL, '::ffff:66.249.64.92'),
(184, 1488149380870, NULL, '::ffff:66.249.64.92'),
(184, 1488150001390, NULL, '::ffff:66.249.64.92'),
(184, 1488150340471, NULL, '::ffff:93.190.95.14'),
(184, 1488157041326, NULL, '66.249.64.126'),
(184, 1488159791634, NULL, '::ffff:66.249.64.92'),
(184, 1488161687092, NULL, '::ffff:40.77.167.129'),
(184, 1488166831682, NULL, '::ffff:95.65.30.156'),
(184, 1488166832256, NULL, '::ffff:95.65.30.156'),
(184, 1488166832975, NULL, '::ffff:95.65.30.156'),
(184, 1488166833427, NULL, '::ffff:95.65.30.156'),
(184, 1488166840878, NULL, '::ffff:95.65.30.156'),
(184, 1488166841389, NULL, '::ffff:95.65.30.156'),
(184, 1488166841837, NULL, '::ffff:95.65.30.156'),
(184, 1488166842297, NULL, '::ffff:95.65.30.156'),
(184, 1488167036274, NULL, '::ffff:66.249.64.96'),
(184, 1488167625786, NULL, '::ffff:69.63.188.200'),
(184, 1488167638216, NULL, '::ffff:98.229.145.237'),
(184, 1488167655628, NULL, '::ffff:98.229.145.237'),
(184, 1488167657602, NULL, '::ffff:98.229.145.237'),
(184, 1488167657909, NULL, '::ffff:98.229.145.237'),
(184, 1488167658963, NULL, '::ffff:98.229.145.237'),
(184, 1488167659382, NULL, '::ffff:98.229.145.237'),
(184, 1488167660088, NULL, '::ffff:98.229.145.237'),
(184, 1488167660249, NULL, '::ffff:98.229.145.237'),
(184, 1488167660644, NULL, '::ffff:98.229.145.237'),
(184, 1488167662276, NULL, '::ffff:98.229.145.237'),
(184, 1488167664233, NULL, '::ffff:98.229.145.237'),
(184, 1488167669865, NULL, '::ffff:98.229.145.237'),
(184, 1488167674932, NULL, '::ffff:98.229.145.237'),
(184, 1488167675993, NULL, '::ffff:98.229.145.237'),
(184, 1488170055423, NULL, '66.249.64.118'),
(184, 1488170665207, NULL, '::ffff:66.249.64.96'),
(184, 1488171058447, NULL, '::ffff:123.125.67.165'),
(184, 1488171105436, NULL, '::ffff:123.125.71.32'),
(184, 1488174656805, NULL, '66.249.64.118'),
(184, 1488178018653, NULL, '::ffff:66.249.64.96'),
(184, 1488178019362, NULL, '::ffff:66.249.64.100'),
(184, 1488178616952, NULL, '66.249.64.122'),
(184, 1488181365958, NULL, '::ffff:66.249.64.96'),
(184, 1488184901437, NULL, '::ffff:66.249.64.96'),
(184, 1488191031613, NULL, '66.249.64.126'),
(184, 1488191331770, NULL, '::ffff:66.249.64.96'),
(184, 1488191996126, NULL, '::ffff:5.255.250.91'),
(184, 1488191999794, NULL, '::ffff:5.255.250.91'),
(184, 1488195035944, NULL, '::ffff:66.249.64.96'),
(184, 1488200782180, NULL, '::ffff:66.249.64.100'),
(184, 1488221576443, NULL, '66.249.64.126'),
(184, 1488226372035, NULL, '::ffff:66.249.64.100'),
(184, 1488227914867, NULL, '::ffff:91.200.12.33'),
(184, 1488227916712, NULL, '::ffff:91.200.12.33'),
(184, 1488231851559, NULL, '::ffff:66.249.64.96'),
(184, 1488231852178, NULL, '::ffff:66.249.64.92'),
(184, 1488232451041, NULL, '::ffff:66.249.64.100'),
(184, 1488238951685, NULL, '66.249.64.126'),
(184, 1488238952081, NULL, '66.249.64.126'),
(184, 1488243829356, NULL, '66.249.64.122'),
(184, 1488245948547, NULL, '::ffff:66.249.64.100'),
(184, 1488246248611, NULL, '::ffff:66.249.64.96'),
(184, 1488253163339, NULL, '::ffff:207.46.13.82'),
(184, 1488253168490, NULL, '::ffff:157.55.39.160'),
(184, 1488257004910, NULL, '66.249.64.122'),
(184, 1488258214535, NULL, '::ffff:66.249.64.96'),
(184, 1488261865240, NULL, '::ffff:66.249.64.100'),
(184, 1488264913800, NULL, '::ffff:66.249.64.96'),
(184, 1488267957202, NULL, '::ffff:66.249.64.92'),
(184, 1488292014225, NULL, '::ffff:66.249.64.100'),
(184, 1488295704300, NULL, '::ffff:66.249.64.100'),
(184, 1488297030637, NULL, '::ffff:5.255.250.91'),
(184, 1488297034196, NULL, '::ffff:5.255.250.91'),
(184, 1488297834628, NULL, '::ffff:66.249.64.100'),
(184, 1488299068303, NULL, '::ffff:66.249.64.100'),
(184, 1488299679679, NULL, '::ffff:66.249.64.100'),
(184, 1488300292796, NULL, '::ffff:66.249.64.92'),
(184, 1488302123924, NULL, '::ffff:66.249.64.96'),
(184, 1488303324570, NULL, '::ffff:66.249.64.100'),
(184, 1488309105531, NULL, '::ffff:207.46.13.127'),
(184, 1488313363532, NULL, '::ffff:66.249.64.96'),
(184, 1488316434228, NULL, '::ffff:66.249.64.96'),
(184, 1488320617171, NULL, '::ffff:192.169.151.189'),
(184, 1488330046059, NULL, '::ffff:66.249.64.40'),
(184, 1488330046324, NULL, '::ffff:66.249.64.34'),
(184, 1488334018508, NULL, '::ffff:66.249.64.34'),
(184, 1488334328404, NULL, '::ffff:66.249.64.34'),
(184, 1488337677567, NULL, '::ffff:66.249.64.34'),
(184, 1488340062140, NULL, '::ffff:173.252.123.128'),
(184, 1488340077840, NULL, '::ffff:69.120.218.35'),
(184, 1488340079654, NULL, '::ffff:173.252.90.96'),
(184, 1488340079772, NULL, '::ffff:69.120.218.35'),
(184, 1488342762298, NULL, '::ffff:5.255.250.91'),
(184, 1488342765829, NULL, '::ffff:5.255.250.91'),
(184, 1488344283929, NULL, '::ffff:157.55.39.165'),
(184, 1488345283575, NULL, '::ffff:185.47.62.92'),
(184, 1488345290512, NULL, '::ffff:157.55.39.165'),
(184, 1488345850850, NULL, '::ffff:5.255.250.91'),
(184, 1488351209618, NULL, '::ffff:157.55.39.165'),
(184, 1488359671065, NULL, '::ffff:66.249.64.34'),
(184, 1488372888881, NULL, '::ffff:66.249.64.37'),
(184, 1488375039612, NULL, '66.249.64.37'),
(184, 1488375039993, NULL, '66.249.64.42'),
(184, 1488379608029, NULL, '66.249.64.37'),
(184, 1488385132583, NULL, '::ffff:66.249.73.160'),
(184, 1488391367844, NULL, '::ffff:35.185.38.43'),
(184, 1488403503660, NULL, '::ffff:188.166.61.92'),
(184, 1488404787372, NULL, '::ffff:157.55.39.165'),
(184, 1488406791858, NULL, '::ffff:66.249.73.160'),
(184, 1488410822540, NULL, '::ffff:5.255.250.91'),
(184, 1488410826103, NULL, '::ffff:5.255.250.91'),
(184, 1488427237307, NULL, '::ffff:54.87.142.37'),
(184, 1488436493967, NULL, '::ffff:69.63.188.116'),
(184, 1488443670784, NULL, '::ffff:66.249.73.156'),
(184, 1488443671165, NULL, '::ffff:66.249.73.164'),
(184, 1488443942174, NULL, '::ffff:5.255.250.91'),
(184, 1488443945629, NULL, '::ffff:5.255.250.91'),
(184, 1488443996190, NULL, '91.235.105.252'),
(184, 1488443996707, NULL, '91.235.105.252'),
(184, 1488453604059, NULL, '::ffff:207.46.13.254'),
(184, 1488453619921, NULL, '::ffff:157.55.39.165'),
(184, 1488463200490, NULL, '::ffff:66.249.73.164'),
(184, 1488468699571, NULL, '::ffff:66.249.64.96'),
(184, 1488472929243, NULL, '::ffff:66.249.64.96'),
(184, 1488475600631, NULL, '::ffff:66.249.64.100'),
(184, 1488484800229, NULL, '::ffff:31.16.89.170'),
(184, 1488497635007, NULL, '::ffff:207.46.13.217'),
(184, 1488497635465, NULL, '::ffff:207.46.13.217'),
(184, 1488503061633, NULL, '::ffff:157.55.39.165'),
(184, 1488510268905, NULL, '::ffff:66.249.64.100'),
(305, 1488510923166, NULL, '::ffff:199.15.233.170'),
(305, 1488510923573, NULL, '::ffff:199.15.233.170'),
(184, 1488519402902, NULL, '::ffff:74.108.107.230'),
(184, 1488519403973, NULL, '::ffff:74.108.107.230'),
(184, 1488519403987, NULL, '::ffff:74.108.107.230'),
(184, 1488519503969, NULL, '::ffff:157.55.39.238'),
(184, 1488522576743, NULL, '::ffff:66.249.64.96'),
(184, 1488535705557, NULL, '::ffff:66.249.64.96'),
(184, 1488535705907, NULL, '::ffff:66.249.64.96'),
(184, 1488554412144, NULL, '::ffff:107.20.63.90'),
(184, 1488554512751, NULL, '::ffff:54.196.184.100'),
(184, 1488554519446, NULL, '::ffff:54.196.185.217'),
(184, 1488554575654, NULL, '::ffff:54.196.185.217'),
(184, 1488554580371, NULL, '::ffff:54.196.184.100'),
(184, 1488554647001, NULL, '::ffff:54.159.27.24'),
(184, 1488554738242, NULL, '::ffff:54.221.187.209'),
(184, 1488555160414, NULL, '::ffff:107.21.151.211'),
(184, 1488555421877, NULL, '::ffff:54.159.27.24'),
(184, 1488555593461, NULL, '::ffff:54.221.187.209'),
(184, 1488586869724, NULL, '::ffff:74.108.107.230'),
(184, 1488586870762, NULL, '::ffff:74.108.107.230'),
(184, 1488586870971, NULL, '::ffff:74.108.107.230'),
(184, 1488586873079, NULL, '::ffff:74.108.107.230'),
(184, 1488586873788, NULL, '::ffff:74.108.107.230'),
(184, 1488589844828, NULL, '::ffff:5.255.250.91'),
(184, 1488589848367, NULL, '::ffff:5.255.250.91'),
(184, 1488609101916, NULL, '::ffff:69.58.178.57'),
(184, 1488609106018, NULL, '::ffff:69.58.178.57'),
(184, 1488617148240, NULL, '::ffff:5.255.250.91'),
(184, 1488617151871, NULL, '::ffff:5.255.250.91'),
(184, 1488628996573, NULL, '::ffff:216.55.146.74'),
(184, 1488628997226, NULL, '::ffff:216.55.146.74'),
(184, 1488628998424, NULL, '::ffff:216.55.146.74'),
(184, 1488628999205, NULL, '::ffff:216.55.146.74'),
(184, 1488628999855, NULL, '::ffff:216.55.146.74'),
(184, 1488629000174, NULL, '::ffff:216.55.146.74'),
(184, 1488629000506, NULL, '::ffff:216.55.146.74'),
(184, 1488629000987, NULL, '::ffff:216.55.146.74'),
(184, 1488629001608, NULL, '::ffff:216.55.146.74'),
(184, 1488629001961, NULL, '::ffff:216.55.146.74'),
(184, 1488629002266, NULL, '::ffff:216.55.146.74'),
(184, 1488629002874, NULL, '::ffff:216.55.146.74'),
(184, 1488629003269, NULL, '::ffff:216.55.146.74'),
(184, 1488629003590, NULL, '::ffff:216.55.146.74'),
(184, 1488629003892, NULL, '::ffff:216.55.146.74'),
(184, 1488629022308, NULL, '::ffff:31.13.114.76'),
(184, 1488633813221, NULL, '::ffff:40.77.167.80'),
(184, 1488644240570, NULL, '::ffff:66.249.64.34'),
(184, 1488644240842, NULL, '::ffff:66.249.64.37'),
(184, 1488648031161, NULL, '::ffff:31.13.114.84'),
(184, 1488651553036, NULL, '::ffff:40.77.167.80'),
(184, 1488651559647, NULL, '::ffff:40.77.167.80'),
(184, 1488655375171, NULL, '::ffff:40.77.167.80'),
(184, 1488662279999, NULL, '::ffff:173.252.123.136'),
(184, 1488662295662, NULL, '::ffff:47.156.13.77'),
(184, 1488662298264, NULL, '::ffff:47.156.13.77'),
(184, 1488662301996, NULL, '::ffff:47.156.13.77'),
(184, 1488662305712, NULL, '::ffff:47.156.13.77'),
(184, 1488662308626, NULL, '::ffff:47.156.13.77'),
(184, 1488662309484, NULL, '::ffff:47.156.13.77'),
(184, 1488662310111, NULL, '::ffff:47.156.13.77'),
(184, 1488662311778, NULL, '::ffff:47.156.13.77'),
(184, 1488664786177, NULL, '::ffff:207.46.13.197'),
(184, 1488664801294, NULL, '::ffff:40.77.167.80'),
(184, 1488675558112, NULL, '::ffff:54.224.214.254'),
(184, 1488685032218, NULL, '::ffff:95.211.138.129'),
(184, 1488685584359, NULL, '::ffff:162.210.196.97'),
(184, 1488685589209, NULL, '::ffff:162.210.196.97'),
(184, 1488687491568, NULL, '2600:8801:130a:e00:157f:818:b89d:3563'),
(184, 1488687492017, NULL, '2600:8801:130a:e00:157f:818:b89d:3563'),
(184, 1488695899812, NULL, '172.100.100.96'),
(184, 1488695900480, NULL, '172.100.100.96'),
(184, 1488714429079, NULL, '::ffff:5.255.250.91'),
(184, 1488714432634, NULL, '::ffff:5.255.250.91'),
(184, 1488714766624, NULL, '::ffff:207.46.13.220'),
(184, 1488714770644, NULL, '::ffff:40.77.167.80'),
(184, 1488725912207, NULL, '::ffff:202.166.45.234'),
(184, 1488725913061, NULL, '::ffff:202.166.45.234'),
(184, 1488734352121, NULL, '::ffff:40.77.167.19'),
(184, 1488741526924, NULL, '::ffff:5.255.250.91'),
(184, 1488741530462, NULL, '::ffff:5.255.250.91'),
(184, 1488758286735, NULL, '::ffff:66.249.64.108'),
(184, 1488758287093, NULL, '::ffff:66.249.64.100'),
(184, 1488760695708, NULL, '::ffff:66.249.64.92'),
(184, 1488779070762, NULL, '::ffff:40.77.167.58'),
(184, 1488784936513, NULL, '::ffff:5.255.250.91'),
(184, 1488784940045, NULL, '::ffff:5.255.250.91'),
(184, 1488829019671, NULL, '::ffff:40.77.167.58'),
(184, 1488830805807, NULL, '::ffff:40.77.167.58'),
(184, 1488832418242, NULL, '66.249.66.162'),
(184, 1488832418547, NULL, '66.249.66.154'),
(184, 1488832808378, NULL, '::ffff:73.223.55.161'),
(184, 1488832810597, NULL, '::ffff:73.223.55.161'),
(184, 1488832830413, NULL, '::ffff:73.223.55.161'),
(184, 1488832833888, NULL, '::ffff:73.223.55.161'),
(184, 1488832834255, NULL, '::ffff:73.223.55.161'),
(184, 1488832836409, NULL, '::ffff:73.223.55.161'),
(184, 1488832838173, NULL, '::ffff:73.223.55.161'),
(184, 1488832839049, NULL, '::ffff:73.223.55.161'),
(184, 1488832844332, NULL, '::ffff:73.223.55.161'),
(184, 1488832844958, NULL, '::ffff:73.223.55.161'),
(184, 1488832853211, NULL, '::ffff:73.223.55.161'),
(184, 1488832854029, NULL, '::ffff:73.223.55.161'),
(184, 1488832854974, NULL, '::ffff:73.223.55.161'),
(184, 1488848816401, NULL, '::ffff:31.13.114.76'),
(184, 1488855655955, NULL, '::ffff:173.208.249.226'),
(184, 1488855655963, NULL, '::ffff:173.208.249.226'),
(184, 1488855656586, NULL, '::ffff:173.208.249.226'),
(184, 1488855656602, NULL, '::ffff:173.208.249.226'),
(184, 1488872779863, NULL, '::ffff:207.46.13.138'),
(184, 1488885561194, NULL, '::ffff:213.61.149.100'),
(184, 1488923342521, NULL, '::ffff:157.55.39.24'),
(184, 1488923355731, NULL, '::ffff:207.46.13.138'),
(184, 1488942733705, NULL, '::ffff:207.46.13.138'),
(184, 1488961923066, NULL, '::ffff:5.255.250.91'),
(184, 1488961926831, NULL, '::ffff:5.255.250.91'),
(184, 1488975593051, NULL, '::ffff:69.63.188.108'),
(184, 1488976081813, NULL, '::ffff:5.255.250.91'),
(184, 1488976085359, NULL, '::ffff:5.255.250.91'),
(184, 1488982186698, NULL, '::ffff:207.46.13.138'),
(184, 1488982190439, NULL, '::ffff:207.46.13.138'),
(184, 1488990221146, NULL, '::ffff:5.188.211.228'),
(184, 1488995079017, NULL, '::ffff:207.46.13.138'),
(184, 1488998406697, NULL, '::ffff:201.55.31.196'),
(184, 1489021413498, NULL, '::ffff:5.255.250.91'),
(184, 1489021417107, NULL, '::ffff:5.255.250.91'),
(184, 1489038435053, NULL, '::ffff:207.46.13.99'),
(184, 1489062971356, NULL, '66.249.64.122'),
(184, 1489062971780, NULL, '66.249.64.122'),
(184, 1489089557705, NULL, '::ffff:40.77.167.66'),
(184, 1489095269819, NULL, '::ffff:69.143.49.141'),
(184, 1489095272305, NULL, '::ffff:69.143.49.141'),
(184, 1489095272937, NULL, '::ffff:69.143.49.141'),
(184, 1489095272973, NULL, '::ffff:69.143.49.141'),
(184, 1489095273835, NULL, '::ffff:69.143.49.141'),
(184, 1489095274131, NULL, '::ffff:69.143.49.141'),
(184, 1489095274385, NULL, '::ffff:69.143.49.141'),
(184, 1489121938463, NULL, '::ffff:173.252.124.18'),
(313, 1489123776051, NULL, '::ffff:151.80.39.174'),
(184, 1489141011469, NULL, '::ffff:207.46.13.196'),
(184, 1489141405530, NULL, '::ffff:207.46.13.164'),
(184, 1489141408388, NULL, '::ffff:207.46.13.164'),
(184, 1489160131693, NULL, '::ffff:173.252.90.89'),
(184, 1489174829095, NULL, '::ffff:157.55.39.48'),
(313, 1489185560705, NULL, '::ffff:180.76.15.32'),
(313, 1489199279450, NULL, '::ffff:66.249.66.223'),
(313, 1489199279826, NULL, '::ffff:66.249.66.223'),
(184, 1489202403180, NULL, '::ffff:5.255.250.91'),
(184, 1489202406997, NULL, '::ffff:5.255.250.91'),
(184, 1489214985741, NULL, '::ffff:5.255.250.91'),
(184, 1489214989244, NULL, '::ffff:5.255.250.91'),
(313, 1489216215348, NULL, '::ffff:104.156.231.254'),
(184, 1489218300379, NULL, '::ffff:157.55.39.48'),
(313, 1489221378494, NULL, '::ffff:66.249.66.227'),
(313, 1489221414390, NULL, '::ffff:66.249.66.227'),
(313, 1489221414887, NULL, '::ffff:66.249.66.223'),
(313, 1489222875668, NULL, '::ffff:66.249.66.231'),
(313, 1489223276622, NULL, '::ffff:180.76.15.162'),
(184, 1489226814489, NULL, '::ffff:5.255.250.91'),
(184, 1489226818036, NULL, '::ffff:5.255.250.91'),
(313, 1489232039175, NULL, '::ffff:66.249.66.231'),
(184, 1489233799356, NULL, '::ffff:185.165.168.219'),
(184, 1489239937474, NULL, '::ffff:194.87.94.174'),
(313, 1489241343602, NULL, '::ffff:66.249.66.227'),
(313, 1489248131072, NULL, '::ffff:54.224.160.142'),
(313, 1489248131402, NULL, '::ffff:54.224.160.142'),
(184, 1489250035129, NULL, '::ffff:54.172.131.65'),
(184, 1489250035498, NULL, '::ffff:54.172.131.65'),
(313, 1489262263783, NULL, '::ffff:66.249.66.231'),
(184, 1489264077137, NULL, '::ffff:157.55.39.48'),
(184, 1489276826629, NULL, '::ffff:144.217.80.113'),
(184, 1489293144907, NULL, '::ffff:66.249.66.171'),
(184, 1489293145234, NULL, '::ffff:66.249.66.168'),
(313, 1489303359705, NULL, '::ffff:54.167.213.229'),
(313, 1489303360257, NULL, '::ffff:54.167.213.229'),
(184, 1489305008184, NULL, '::ffff:54.234.247.121'),
(184, 1489305008654, NULL, '::ffff:54.234.247.121'),
(184, 1489306009975, NULL, '::ffff:5.255.250.91'),
(184, 1489306013796, NULL, '::ffff:5.255.250.91'),
(313, 1489315396298, NULL, '::ffff:66.249.66.231'),
(313, 1489315396761, NULL, '::ffff:66.249.66.227'),
(184, 1489315608503, NULL, '::ffff:157.55.39.113'),
(184, 1489315698121, NULL, '::ffff:157.55.39.48'),
(184, 1489320693124, NULL, '::ffff:5.255.250.91'),
(184, 1489320696954, NULL, '::ffff:5.255.250.91'),
(184, 1489334268919, NULL, '::ffff:157.55.39.48'),
(313, 1489338624023, NULL, '::ffff:66.249.66.231'),
(313, 1489340146687, NULL, '::ffff:180.76.15.16'),
(184, 1489341306427, NULL, '::ffff:5.255.250.91'),
(184, 1489341310052, NULL, '::ffff:5.255.250.91'),
(184, 1489342707601, NULL, '::ffff:157.55.39.48'),
(184, 1489347896435, NULL, '::ffff:5.255.250.91'),
(184, 1489363318765, NULL, '::ffff:157.55.39.251'),
(313, 1489363928086, NULL, '::ffff:54.77.65.183'),
(313, 1489363929781, NULL, '::ffff:54.77.65.183'),
(313, 1489363931467, NULL, '::ffff:54.77.65.183'),
(313, 1489363933662, NULL, '::ffff:54.77.65.183'),
(313, 1489363934221, NULL, '::ffff:54.77.65.183'),
(313, 1489363936214, NULL, '::ffff:54.77.65.183'),
(313, 1489363938406, NULL, '::ffff:54.77.65.183'),
(313, 1489363940410, NULL, '::ffff:54.77.65.183'),
(313, 1489363941033, NULL, '::ffff:54.77.65.183'),
(313, 1489363941709, NULL, '::ffff:54.77.65.183'),
(313, 1489363942370, NULL, '::ffff:54.77.65.183'),
(313, 1489363943043, NULL, '::ffff:54.77.65.183'),
(313, 1489363943668, NULL, '::ffff:54.77.65.183'),
(313, 1489363944296, NULL, '::ffff:54.77.65.183'),
(313, 1489363944920, NULL, '::ffff:54.77.65.183'),
(313, 1489363945557, NULL, '::ffff:54.77.65.183'),
(313, 1489363946188, NULL, '::ffff:54.77.65.183'),
(313, 1489363946853, NULL, '::ffff:54.77.65.183'),
(313, 1489363947482, NULL, '::ffff:54.77.65.183'),
(313, 1489363948120, NULL, '::ffff:54.77.65.183'),
(313, 1489363948739, NULL, '::ffff:54.77.65.183'),
(313, 1489363949214, NULL, '::ffff:54.77.65.183'),
(313, 1489363949659, NULL, '::ffff:54.77.65.183'),
(313, 1489363950439, NULL, '::ffff:185.115.216.134'),
(313, 1489363950892, NULL, '::ffff:185.115.216.134'),
(313, 1489363952299, NULL, '::ffff:54.77.65.183'),
(313, 1489363952930, NULL, '::ffff:54.77.65.183'),
(313, 1489363953461, NULL, '::ffff:54.77.65.183'),
(313, 1489363954047, NULL, '::ffff:54.77.65.183'),
(313, 1489363954584, NULL, '::ffff:54.77.65.183'),
(313, 1489363955148, NULL, '::ffff:54.77.65.183'),
(313, 1489363955693, NULL, '::ffff:54.77.65.183'),
(313, 1489363956268, NULL, '::ffff:54.77.65.183'),
(313, 1489363956824, NULL, '::ffff:54.77.65.183'),
(313, 1489363957824, NULL, '::ffff:54.77.65.183'),
(184, 1489376829600, NULL, '::ffff:5.255.250.91'),
(184, 1489376831637, NULL, '::ffff:5.255.250.91'),
(184, 1489382201680, NULL, '::ffff:157.55.39.48'),
(313, 1489385381919, NULL, '::ffff:167.114.224.218'),
(313, 1489385382508, NULL, '::ffff:167.114.224.218'),
(184, 1489388614995, NULL, '::ffff:207.241.229.243'),
(184, 1489388791604, NULL, '::ffff:207.241.229.148'),
(184, 1489391676382, NULL, '::ffff:207.241.229.213'),
(184, 1489393094514, NULL, '::ffff:207.241.229.51'),
(184, 1489395425171, NULL, '::ffff:207.241.231.147'),
(184, 1489395990556, NULL, '::ffff:207.241.231.151'),
(184, 1489395995675, NULL, '::ffff:207.241.231.151'),
(184, 1489396805280, NULL, '::ffff:207.241.231.147'),
(184, 1489397851427, NULL, '::ffff:207.241.231.143'),
(313, 1489407844534, NULL, '::ffff:66.249.66.227'),
(313, 1489407845022, NULL, '::ffff:66.249.66.227'),
(184, 1489410484014, NULL, '::ffff:207.241.229.243'),
(184, 1489419890013, NULL, '::ffff:207.241.231.143'),
(313, 1489442898618, NULL, '::ffff:66.249.69.231'),
(184, 1489444772831, NULL, '::ffff:66.249.75.60'),
(184, 1489444773252, NULL, '::ffff:66.249.75.58'),
(313, 1489453188729, NULL, '::ffff:66.249.69.223'),
(313, 1489454001178, NULL, '::ffff:180.76.15.139'),
(184, 1489461633676, NULL, '::ffff:40.77.167.83'),
(184, 1489468465594, NULL, '::ffff:31.13.114.64'),
(184, 1489470511795, NULL, '::ffff:173.252.124.209'),
(184, 1489471777537, NULL, '::ffff:5.255.250.91'),
(184, 1489471781119, NULL, '::ffff:5.255.250.91'),
(184, 1489473528335, NULL, '::ffff:5.255.250.91'),
(184, 1489476206236, NULL, '::ffff:5.255.250.91'),
(184, 1489476767858, NULL, '::ffff:31.13.113.174'),
(184, 1489476792764, NULL, '::ffff:69.249.19.20'),
(313, 1489487852829, NULL, '::ffff:180.76.15.157'),
(313, 1489492638817, NULL, '::ffff:66.249.69.223'),
(313, 1489492639483, NULL, '::ffff:66.249.69.223'),
(313, 1489496301330, NULL, '::ffff:66.249.69.231'),
(313, 1489496301799, NULL, '::ffff:66.249.69.231'),
(184, 1489502876471, NULL, '::ffff:69.63.188.220'),
(313, 1489503057493, NULL, '::ffff:51.255.65.65'),
(313, 1489503077565, NULL, '::ffff:151.80.39.113'),
(184, 1489505587927, NULL, '::ffff:207.46.13.111'),
(184, 1489522416102, NULL, '::ffff:69.63.188.208'),
(184, 1489522434327, NULL, '::ffff:98.14.83.125'),
(313, 1489522438006, NULL, '::ffff:98.14.83.125'),
(313, 1489539429462, NULL, '::ffff:180.76.15.29');
INSERT INTO `stats_rental_history` (`rental_id`, `timestamp`, `account_id`, `user_ip`) VALUES
(184, 1489552462274, NULL, '::ffff:5.255.250.91'),
(184, 1489552466079, NULL, '::ffff:5.255.250.91'),
(184, 1489555586753, NULL, '::ffff:157.55.39.221'),
(184, 1489555591026, NULL, '::ffff:207.46.13.111'),
(313, 1489559942336, NULL, '::ffff:66.249.65.208'),
(313, 1489573706833, NULL, '::ffff:180.76.15.29'),
(313, 1489577907707, NULL, '::ffff:85.248.227.165'),
(313, 1489589075723, NULL, '::ffff:66.249.65.218'),
(313, 1489589076304, NULL, '::ffff:66.249.65.212'),
(313, 1489596695089, NULL, '::ffff:66.249.65.208'),
(184, 1489599980345, NULL, '::ffff:157.55.39.144'),
(184, 1489602779840, NULL, '::ffff:108.59.8.70'),
(184, 1489602782512, NULL, '::ffff:108.59.8.70'),
(313, 1489603365588, NULL, '::ffff:74.108.107.230'),
(313, 1489603366294, NULL, '::ffff:74.108.107.230'),
(313, 1489603366507, NULL, '::ffff:74.108.107.230'),
(313, 1489603397924, NULL, '::ffff:74.108.107.230'),
(313, 1489603397910, NULL, '::ffff:74.108.107.230'),
(313, 1489609373933, NULL, '::ffff:66.249.66.223'),
(313, 1489620359877, NULL, '::ffff:199.15.233.170'),
(313, 1489620360512, NULL, '::ffff:199.15.233.170'),
(184, 1489635204634, NULL, '::ffff:66.249.66.171'),
(184, 1489635205001, NULL, '::ffff:66.249.66.171'),
(184, 1489637801981, NULL, '::ffff:100.43.85.2'),
(184, 1489637808967, NULL, '::ffff:5.255.250.91'),
(313, 1489643764147, NULL, '::ffff:66.249.66.223'),
(184, 1489647987299, NULL, '::ffff:157.55.39.24'),
(184, 1489648047448, NULL, '::ffff:40.77.167.13'),
(313, 1489649486568, NULL, '::ffff:207.46.13.200'),
(313, 1489649512042, NULL, '::ffff:157.55.39.41'),
(313, 1489649530592, NULL, '::ffff:40.77.167.49'),
(313, 1489651896442, NULL, '::ffff:180.76.15.22'),
(313, 1489656494518, NULL, '::ffff:180.76.15.25'),
(184, 1489660495967, NULL, '::ffff:40.77.167.13'),
(184, 1489660906534, NULL, '::ffff:66.249.66.168'),
(313, 1489671204298, NULL, '::ffff:82.80.249.214'),
(313, 1489671208083, NULL, '::ffff:82.80.249.158'),
(184, 1489671663847, NULL, '::ffff:104.154.94.120'),
(184, 1489672698702, NULL, '::ffff:40.77.167.13'),
(184, 1489672721760, NULL, '::ffff:40.77.167.13'),
(313, 1489689087080, NULL, '::ffff:180.76.15.143'),
(184, 1489692752807, NULL, '::ffff:104.156.230.231'),
(313, 1489692938581, NULL, '::ffff:66.249.66.227'),
(313, 1489692939065, NULL, '::ffff:66.249.66.223'),
(184, 1489693902736, NULL, '::ffff:207.46.13.251'),
(184, 1489696859583, NULL, '::ffff:207.46.13.101'),
(184, 1489706620757, NULL, '::ffff:5.255.250.91'),
(184, 1489706624261, NULL, '::ffff:5.255.250.91'),
(313, 1489708374679, NULL, '::ffff:180.76.15.151'),
(184, 1489708650769, NULL, '::ffff:54.77.65.183'),
(184, 1489708659296, NULL, '::ffff:54.77.65.183'),
(184, 1489708659816, NULL, '::ffff:54.77.65.183'),
(184, 1489708662873, NULL, '::ffff:54.77.65.183'),
(184, 1489708663474, NULL, '::ffff:54.77.65.183'),
(184, 1489708664014, NULL, '::ffff:54.77.65.183'),
(184, 1489708664533, NULL, '::ffff:54.77.65.183'),
(184, 1489708665062, NULL, '::ffff:54.77.65.183'),
(184, 1489708665578, NULL, '::ffff:54.77.65.183'),
(184, 1489708666124, NULL, '::ffff:54.77.65.183'),
(184, 1489708666661, NULL, '::ffff:54.77.65.183'),
(184, 1489708667171, NULL, '::ffff:54.77.65.183'),
(184, 1489708667700, NULL, '::ffff:54.77.65.183'),
(184, 1489708668231, NULL, '::ffff:54.77.65.183'),
(184, 1489708668815, NULL, '::ffff:54.77.65.183'),
(184, 1489708669317, NULL, '::ffff:54.77.65.183'),
(184, 1489708669837, NULL, '::ffff:54.77.65.183'),
(184, 1489708670214, NULL, '::ffff:54.77.65.183'),
(184, 1489708670587, NULL, '::ffff:54.77.65.183'),
(184, 1489708671246, NULL, '::ffff:185.115.216.134'),
(184, 1489708671611, NULL, '::ffff:185.115.216.134'),
(184, 1489708672508, NULL, '::ffff:54.77.65.183'),
(184, 1489708672977, NULL, '::ffff:54.77.65.183'),
(184, 1489708673411, NULL, '::ffff:54.77.65.183'),
(184, 1489708673869, NULL, '::ffff:54.77.65.183'),
(184, 1489708674312, NULL, '::ffff:54.77.65.183'),
(184, 1489708674760, NULL, '::ffff:54.77.65.183'),
(184, 1489708675203, NULL, '::ffff:54.77.65.183'),
(184, 1489708675657, NULL, '::ffff:54.77.65.183'),
(184, 1489708676106, NULL, '::ffff:54.77.65.183'),
(184, 1489708676931, NULL, '::ffff:54.77.65.183'),
(313, 1489711314056, NULL, '::ffff:199.16.157.180'),
(313, 1489711314568, NULL, '::ffff:199.16.157.180'),
(184, 1489714713260, NULL, '::ffff:66.249.66.171'),
(184, 1489718547506, NULL, '::ffff:5.255.250.91'),
(184, 1489718551010, NULL, '::ffff:5.255.250.91'),
(313, 1489719684683, NULL, '::ffff:151.80.39.113'),
(184, 1489724901613, NULL, '::ffff:79.137.85.189'),
(184, 1489730596744, NULL, '::ffff:144.217.80.113'),
(313, 1489735809150, NULL, '::ffff:5.255.250.91'),
(313, 1489735812961, NULL, '::ffff:5.255.250.91'),
(184, 1489740059384, NULL, '::ffff:207.46.13.101'),
(313, 1489757030099, NULL, '::ffff:167.114.233.118'),
(184, 1489767395731, NULL, '::ffff:84.73.78.183'),
(184, 1489767409709, NULL, '::ffff:84.73.78.183'),
(184, 1489767416758, NULL, '::ffff:84.73.78.183'),
(184, 1489767418757, NULL, '::ffff:84.73.78.183'),
(184, 1489767426269, NULL, '::ffff:84.73.78.183'),
(184, 1489767430882, NULL, '::ffff:84.73.78.183'),
(184, 1489767432504, NULL, '::ffff:84.73.78.183'),
(184, 1489769398880, NULL, '::ffff:84.73.78.183'),
(313, 1489773857850, NULL, '::ffff:74.108.107.230'),
(313, 1489773858804, NULL, '::ffff:74.108.107.230'),
(313, 1489773859184, NULL, '::ffff:74.108.107.230'),
(313, 1489773864876, NULL, '::ffff:74.108.107.230'),
(184, 1489774728102, NULL, '::ffff:5.255.250.91'),
(184, 1489774731516, NULL, '::ffff:5.255.250.91'),
(184, 1489778375056, NULL, '::ffff:123.125.71.103'),
(184, 1489781672939, NULL, '::ffff:207.46.13.101'),
(184, 1489791484701, NULL, '::ffff:62.212.73.49'),
(184, 1489817064999, NULL, '::ffff:173.252.88.182'),
(184, 1489817112581, NULL, '::ffff:173.252.88.187'),
(184, 1489817118717, NULL, '::ffff:138.16.109.82'),
(184, 1489817118935, NULL, '::ffff:173.252.88.95'),
(313, 1489817148742, NULL, '::ffff:138.16.109.82'),
(313, 1489817148797, NULL, '::ffff:173.252.88.93'),
(313, 1489817149594, NULL, '::ffff:138.16.109.82'),
(313, 1489817150105, NULL, '::ffff:138.16.109.82'),
(313, 1489817156120, NULL, '::ffff:138.16.109.82'),
(313, 1489817156136, NULL, '::ffff:138.16.109.82'),
(313, 1489818160658, NULL, '::ffff:5.255.250.91'),
(313, 1489818164288, NULL, '::ffff:5.255.250.91'),
(184, 1489820498247, NULL, '::ffff:149.202.59.131'),
(313, 1489824925193, NULL, '::ffff:66.249.66.231'),
(313, 1489824925643, NULL, '::ffff:66.249.66.223'),
(313, 1489824926628, NULL, '::ffff:66.249.66.223'),
(313, 1489825015396, NULL, '::ffff:66.249.66.223'),
(313, 1489825234003, NULL, '::ffff:66.249.66.227'),
(184, 1489831564645, NULL, '::ffff:5.255.250.91'),
(184, 1489831568230, NULL, '::ffff:5.255.250.91'),
(184, 1489832139361, NULL, '::ffff:5.255.250.91'),
(184, 1489833088911, NULL, '::ffff:207.46.13.183'),
(313, 1489839877782, NULL, '::ffff:149.202.175.151'),
(184, 1489843721944, NULL, '::ffff:5.255.250.91'),
(184, 1489843725588, NULL, '::ffff:5.255.250.91'),
(184, 1489852097102, NULL, '::ffff:31.13.113.187'),
(184, 1489874150360, NULL, '::ffff:173.252.123.145'),
(184, 1489874416849, NULL, '::ffff:207.46.13.149'),
(313, 1489875506991, NULL, '::ffff:66.249.66.231'),
(184, 1489876452292, NULL, '::ffff:5.255.250.91'),
(184, 1489876455779, NULL, '::ffff:5.255.250.91'),
(184, 1489876929558, NULL, '::ffff:5.255.250.91'),
(184, 1489886051653, NULL, '::ffff:207.46.13.149'),
(184, 1489886202135, NULL, '::ffff:5.255.250.91'),
(184, 1489901117728, NULL, '::ffff:69.63.188.126'),
(184, 1489964829962, NULL, '::ffff:207.46.13.143'),
(184, 1489964872870, NULL, '::ffff:157.55.39.70'),
(184, 1489981707084, NULL, '::ffff:173.252.123.143'),
(184, 1489993273483, NULL, '::ffff:5.255.250.91'),
(184, 1489993277089, NULL, '::ffff:5.255.250.91'),
(184, 1490016073338, NULL, '::ffff:207.46.13.243'),
(184, 1490022591423, NULL, '::ffff:5.255.250.91'),
(184, 1490022594833, NULL, '::ffff:5.255.250.91'),
(184, 1490024435655, NULL, '::ffff:52.168.166.86'),
(184, 1490031048783, NULL, '::ffff:207.46.13.154'),
(184, 1490040310153, NULL, '::ffff:173.252.123.144'),
(184, 1490041394378, NULL, '::ffff:5.255.250.91'),
(184, 1490041397847, NULL, '::ffff:5.255.250.91'),
(184, 1490043759974, NULL, '::ffff:5.255.250.91'),
(184, 1490045568054, NULL, '::ffff:66.249.64.160'),
(184, 1490045568376, NULL, '::ffff:66.249.64.40'),
(184, 1490054857199, NULL, '::ffff:191.34.46.199'),
(184, 1490056811528, NULL, '::ffff:66.220.145.244'),
(184, 1490056813731, NULL, '::ffff:66.220.145.244'),
(184, 1490056814504, NULL, '::ffff:66.220.145.244'),
(184, 1490064973167, NULL, '::ffff:157.55.39.223'),
(319, 1490072156072, NULL, '::ffff:62.212.68.156'),
(319, 1490086112407, NULL, '::ffff:163.172.54.35'),
(319, 1490086113135, NULL, '::ffff:163.172.54.35'),
(319, 1490086113686, NULL, '::ffff:163.172.54.35'),
(319, 1490087671736, NULL, '::ffff:199.30.228.136'),
(319, 1490108818250, NULL, '::ffff:98.113.171.136'),
(319, 1490108819365, NULL, '::ffff:98.113.171.136'),
(319, 1490108819820, NULL, '::ffff:98.113.171.136'),
(319, 1490108833723, NULL, '::ffff:98.113.171.136'),
(319, 1490109845782, NULL, '::ffff:98.113.171.136'),
(319, 1490109846848, NULL, '::ffff:98.113.171.136'),
(319, 1490109847313, NULL, '::ffff:98.113.171.136'),
(319, 1490109893079, NULL, '::ffff:98.113.171.136'),
(184, 1490109901529, NULL, '::ffff:98.113.171.136'),
(184, 1490109903897, NULL, '::ffff:98.113.171.136'),
(319, 1490110011287, NULL, '::ffff:74.108.107.230'),
(319, 1490110013055, NULL, '::ffff:74.108.107.230'),
(319, 1490110013704, NULL, '::ffff:74.108.107.230'),
(184, 1490111783038, NULL, '::ffff:157.55.39.223'),
(184, 1490117042625, NULL, '::ffff:98.113.171.136'),
(319, 1490120914153, NULL, '::ffff:54.226.237.108'),
(319, 1490127667504, NULL, '::ffff:148.62.14.156'),
(184, 1490127939874, NULL, '::ffff:191.19.178.80'),
(184, 1490132710623, NULL, '::ffff:98.113.171.136'),
(184, 1490132711923, NULL, '::ffff:98.113.171.136'),
(184, 1490132712173, NULL, '::ffff:98.113.171.136'),
(184, 1490133282326, NULL, '::ffff:66.87.116.100'),
(184, 1490133284290, NULL, '::ffff:66.87.116.100'),
(184, 1490136010872, NULL, '::ffff:157.55.39.223'),
(319, 1490136725860, NULL, '::ffff:193.201.225.37'),
(319, 1490136726705, NULL, '::ffff:193.201.225.37'),
(319, 1490143331106, NULL, '::ffff:167.114.228.206'),
(319, 1490144572342, NULL, '::ffff:206.225.80.193'),
(319, 1490144575571, NULL, '::ffff:206.225.80.193'),
(319, 1490144576334, NULL, '::ffff:206.225.80.193'),
(319, 1490144580816, NULL, '::ffff:66.220.146.25'),
(184, 1490145895385, NULL, '::ffff:157.55.39.223'),
(319, 1490161283857, NULL, '::ffff:158.69.229.134'),
(184, 1490165692403, NULL, '::ffff:157.55.39.223'),
(319, 1490165983683, NULL, '::ffff:182.68.174.67'),
(319, 1490166002917, NULL, '::ffff:50.117.89.222'),
(184, 1490170458752, NULL, '::ffff:5.255.250.91'),
(184, 1490170462296, NULL, '::ffff:5.255.250.91'),
(319, 1490170614622, NULL, '::ffff:217.127.234.235'),
(184, 1490175626248, NULL, '::ffff:5.255.250.91'),
(319, 1490177857073, NULL, '::ffff:104.238.248.15'),
(184, 1490178846522, NULL, '::ffff:5.255.250.91'),
(184, 1490182762420, NULL, '::ffff:220.227.234.129'),
(184, 1490182762461, NULL, '::ffff:220.227.234.129'),
(319, 1490182793828, NULL, '::ffff:46.42.237.143'),
(319, 1490182794622, NULL, '::ffff:46.42.237.143'),
(319, 1490182795454, NULL, '::ffff:46.42.237.143'),
(184, 1490189675729, NULL, '::ffff:207.46.13.240'),
(184, 1490189705109, NULL, '::ffff:157.55.39.223'),
(184, 1490199684988, NULL, '::ffff:52.168.166.86'),
(184, 1490202782339, NULL, '::ffff:5.255.250.91'),
(184, 1490202785365, NULL, '::ffff:5.255.250.91'),
(319, 1490203535778, NULL, '::ffff:81.33.127.207'),
(319, 1490203599570, NULL, '::ffff:81.33.127.207'),
(319, 1490203707701, NULL, '::ffff:45.32.128.51'),
(319, 1490209897749, NULL, '::ffff:193.201.225.37'),
(319, 1490209898498, NULL, '::ffff:193.201.225.37'),
(319, 1490224394227, NULL, '::ffff:185.188.182.229'),
(184, 1490225965707, NULL, '::ffff:108.59.8.70'),
(184, 1490225968432, NULL, '::ffff:108.59.8.70'),
(319, 1490231981195, NULL, '::ffff:66.249.66.174'),
(319, 1490231981582, NULL, '::ffff:66.249.66.171'),
(319, 1490232156362, NULL, '::ffff:66.249.66.168'),
(319, 1490233636171, NULL, '::ffff:66.249.66.168'),
(319, 1490233733956, NULL, '::ffff:66.249.66.168'),
(319, 1490233909099, NULL, '::ffff:66.249.66.168'),
(319, 1490233935791, NULL, '::ffff:74.108.107.230'),
(319, 1490233936426, NULL, '::ffff:74.108.107.230'),
(319, 1490233936890, NULL, '::ffff:74.108.107.230'),
(319, 1490233940455, NULL, '::ffff:74.108.107.230'),
(319, 1490233940883, NULL, '::ffff:74.108.107.230'),
(319, 1490233941097, NULL, '::ffff:74.108.107.230'),
(319, 1490233941446, NULL, '::ffff:74.108.107.230'),
(319, 1490233994397, NULL, '::ffff:74.108.107.230'),
(319, 1490233994455, NULL, '::ffff:74.108.107.230'),
(319, 1490233999864, NULL, '::ffff:74.108.107.230'),
(319, 1490234003552, NULL, '::ffff:74.108.107.230'),
(319, 1490234004083, NULL, '::ffff:74.108.107.230'),
(319, 1490234004438, NULL, '::ffff:74.108.107.230'),
(319, 1490234054270, NULL, '::ffff:74.108.107.230'),
(319, 1490234054330, NULL, '::ffff:74.108.107.230'),
(319, 1490234064100, NULL, '::ffff:74.108.107.230'),
(319, 1490234064641, NULL, '::ffff:74.108.107.230'),
(319, 1490234090604, NULL, '::ffff:74.108.107.230'),
(319, 1490234091043, NULL, '::ffff:74.108.107.230'),
(319, 1490234091367, NULL, '::ffff:74.108.107.230'),
(319, 1490234091749, NULL, '::ffff:74.108.107.230'),
(319, 1490234098591, NULL, '::ffff:74.108.107.230'),
(319, 1490234098606, NULL, '::ffff:74.108.107.230'),
(319, 1490234166154, NULL, '::ffff:74.108.107.230'),
(319, 1490234166710, NULL, '::ffff:74.108.107.230'),
(319, 1490234167052, NULL, '::ffff:74.108.107.230'),
(319, 1490234173480, NULL, '::ffff:108.176.158.220'),
(319, 1490234174326, NULL, '::ffff:108.176.158.220'),
(319, 1490234174723, NULL, '::ffff:108.176.158.220'),
(319, 1490234184969, NULL, '::ffff:74.108.107.230'),
(319, 1490234204145, NULL, '::ffff:72.226.82.24'),
(319, 1490234204818, NULL, '::ffff:72.226.82.24'),
(319, 1490234205182, NULL, '::ffff:72.226.82.24'),
(319, 1490234217157, NULL, '::ffff:172.58.43.95'),
(319, 1490234218447, NULL, '::ffff:172.58.43.95'),
(319, 1490234219058, NULL, '::ffff:172.58.43.95'),
(319, 1490234221666, NULL, '::ffff:72.226.82.24'),
(319, 1490234225410, NULL, '::ffff:108.176.158.220'),
(319, 1490234225653, NULL, '::ffff:108.176.158.220'),
(319, 1490234234447, NULL, '::ffff:108.176.158.220'),
(319, 1490234235438, NULL, '::ffff:108.176.158.220'),
(319, 1490234243238, NULL, '::ffff:108.176.158.220'),
(319, 1490234243246, NULL, '::ffff:108.176.158.220'),
(319, 1490234243648, NULL, '::ffff:74.108.129.78'),
(319, 1490234267377, NULL, '::ffff:74.108.107.230'),
(319, 1490234267957, NULL, '::ffff:74.108.107.230'),
(319, 1490234268397, NULL, '::ffff:74.108.107.230'),
(319, 1490234275310, NULL, '::ffff:172.58.43.95'),
(319, 1490234275985, NULL, '::ffff:172.58.43.95'),
(319, 1490234276060, NULL, '::ffff:74.108.107.230'),
(319, 1490234276553, NULL, '::ffff:172.58.43.95'),
(319, 1490234280701, NULL, '::ffff:74.108.107.230'),
(319, 1490234281160, NULL, '::ffff:74.108.107.230'),
(319, 1490234284901, NULL, '::ffff:74.108.107.230'),
(319, 1490234284905, NULL, '::ffff:74.108.107.230'),
(319, 1490234286319, NULL, '::ffff:108.176.158.220'),
(319, 1490234287190, NULL, '::ffff:108.176.158.220'),
(319, 1490234287582, NULL, '::ffff:108.176.158.220'),
(319, 1490234293911, NULL, '::ffff:108.176.158.220'),
(319, 1490234294744, NULL, '::ffff:108.176.158.220'),
(319, 1490234295242, NULL, '::ffff:108.176.158.220'),
(319, 1490234297021, NULL, '::ffff:70.214.80.0'),
(319, 1490234335783, NULL, '::ffff:66.108.65.6'),
(319, 1490234337087, NULL, '::ffff:66.108.65.6'),
(319, 1490234337746, NULL, '::ffff:66.108.65.6'),
(319, 1490234391842, NULL, '::ffff:66.108.65.6'),
(319, 1490234391857, NULL, '::ffff:66.108.65.6'),
(319, 1490234397098, NULL, '::ffff:66.108.65.6'),
(319, 1490234397576, NULL, '::ffff:66.108.65.6'),
(319, 1490234402747, NULL, '::ffff:66.108.65.6'),
(319, 1490234402789, NULL, '::ffff:66.108.65.6'),
(319, 1490234417786, NULL, '::ffff:66.108.65.6'),
(319, 1490234417814, NULL, '::ffff:66.108.65.6'),
(319, 1490234436205, NULL, '::ffff:108.46.200.157'),
(319, 1490234436784, NULL, '::ffff:108.46.200.157'),
(319, 1490234437133, NULL, '::ffff:108.46.200.157'),
(319, 1490234590303, NULL, '::ffff:108.46.231.216'),
(319, 1490234696360, NULL, '::ffff:172.58.43.95'),
(319, 1490234697133, NULL, '::ffff:172.58.43.95'),
(319, 1490234697669, NULL, '::ffff:172.58.43.95'),
(319, 1490234714040, NULL, '::ffff:108.6.128.126'),
(319, 1490234841177, NULL, '::ffff:73.163.89.220'),
(319, 1490234842090, NULL, '::ffff:73.163.89.220'),
(319, 1490234842465, NULL, '::ffff:73.163.89.220'),
(319, 1490234856668, NULL, '::ffff:73.163.89.220'),
(319, 1490234869286, NULL, '::ffff:73.163.89.220'),
(319, 1490234870155, NULL, '::ffff:73.163.89.220'),
(319, 1490234870662, NULL, '::ffff:73.163.89.220'),
(319, 1490234879291, NULL, '::ffff:73.163.89.220'),
(319, 1490235056015, NULL, '::ffff:73.116.59.240'),
(319, 1490235056986, NULL, '::ffff:73.116.59.240'),
(319, 1490235057529, NULL, '::ffff:73.116.59.240'),
(319, 1490235089909, NULL, '::ffff:73.116.59.240'),
(319, 1490235090393, NULL, '::ffff:73.116.59.240'),
(319, 1490235139420, NULL, '::ffff:47.184.106.26'),
(319, 1490235143120, NULL, '::ffff:107.77.92.86'),
(319, 1490235167071, NULL, '::ffff:73.116.59.240'),
(319, 1490235167922, NULL, '::ffff:73.116.59.240'),
(319, 1490235168878, NULL, '::ffff:73.116.59.240'),
(319, 1490235186518, NULL, '::ffff:73.116.59.240'),
(319, 1490235186616, NULL, '::ffff:73.116.59.240'),
(319, 1490235259985, NULL, '::ffff:128.59.184.194'),
(319, 1490235261387, NULL, '::ffff:128.59.184.194'),
(319, 1490235261912, NULL, '::ffff:128.59.184.194'),
(319, 1490235268385, NULL, '::ffff:128.59.184.194'),
(319, 1490235352603, NULL, '::ffff:74.108.107.230'),
(319, 1490235353070, NULL, '::ffff:74.108.107.230'),
(319, 1490235353420, NULL, '::ffff:74.108.107.230'),
(319, 1490235357130, NULL, '::ffff:74.108.107.230'),
(319, 1490235377201, NULL, '::ffff:172.58.46.214'),
(319, 1490235377893, NULL, '::ffff:172.58.46.214'),
(319, 1490235378438, NULL, '::ffff:172.58.46.214'),
(319, 1490235470307, NULL, '::ffff:199.83.197.85'),
(319, 1490235471866, NULL, '::ffff:199.83.197.85'),
(319, 1490235472929, NULL, '::ffff:199.83.197.85'),
(319, 1490235501924, NULL, '::ffff:199.83.197.85'),
(319, 1490235525966, NULL, '::ffff:108.176.158.220'),
(319, 1490235526800, NULL, '::ffff:108.176.158.220'),
(319, 1490235527194, NULL, '::ffff:108.176.158.220'),
(319, 1490235546075, NULL, '::ffff:74.108.107.230'),
(319, 1490235546611, NULL, '::ffff:74.108.107.230'),
(319, 1490235546985, NULL, '::ffff:74.108.107.230'),
(319, 1490235571055, NULL, '::ffff:74.108.107.230'),
(319, 1490235581416, NULL, '::ffff:108.176.158.220'),
(319, 1490235581839, NULL, '::ffff:108.176.158.220'),
(319, 1490235587489, NULL, '::ffff:108.176.158.220'),
(319, 1490235588474, NULL, '::ffff:108.176.158.220'),
(319, 1490235605311, NULL, '::ffff:108.216.152.186'),
(319, 1490235606390, NULL, '::ffff:108.216.152.186'),
(319, 1490235607707, NULL, '::ffff:108.216.152.186'),
(319, 1490235641128, NULL, '::ffff:108.216.152.186'),
(319, 1490235641193, NULL, '::ffff:108.216.152.186'),
(319, 1490235646081, NULL, '::ffff:66.108.65.6'),
(319, 1490235651895, NULL, '::ffff:66.108.65.6'),
(319, 1490235652737, NULL, '::ffff:66.108.65.6'),
(319, 1490235686903, NULL, '::ffff:66.108.65.6'),
(319, 1490235689520, NULL, '::ffff:108.176.158.220'),
(319, 1490235702653, NULL, '::ffff:66.108.65.6'),
(319, 1490235702717, NULL, '::ffff:66.108.65.6'),
(319, 1490235711910, NULL, '::ffff:66.108.65.6'),
(319, 1490235712849, NULL, '::ffff:66.108.65.6'),
(184, 1490235715512, NULL, '::ffff:66.108.65.6'),
(184, 1490235722627, NULL, '::ffff:66.108.65.6'),
(319, 1490235753964, NULL, '::ffff:108.176.158.220'),
(319, 1490235754840, NULL, '::ffff:108.176.158.220'),
(319, 1490235755239, NULL, '::ffff:108.176.158.220'),
(319, 1490235768974, NULL, '::ffff:173.68.75.74'),
(319, 1490235772263, NULL, '::ffff:70.214.118.155'),
(319, 1490235773834, NULL, '::ffff:70.214.118.155'),
(319, 1490235774321, NULL, '::ffff:70.214.118.155'),
(319, 1490235803030, NULL, '::ffff:66.108.65.6'),
(319, 1490235807453, NULL, '::ffff:108.176.158.220'),
(319, 1490235807476, NULL, '::ffff:108.176.158.220'),
(319, 1490235815539, NULL, '::ffff:108.176.158.220'),
(319, 1490235816487, NULL, '::ffff:108.176.158.220'),
(319, 1490235832221, NULL, '::ffff:72.45.145.18'),
(319, 1490235833370, NULL, '::ffff:72.45.145.18'),
(319, 1490235833978, NULL, '::ffff:72.45.145.18'),
(319, 1490235849666, NULL, '::ffff:72.45.145.18'),
(319, 1490235854865, NULL, '::ffff:173.68.60.122'),
(319, 1490235856933, NULL, '::ffff:173.68.60.122'),
(319, 1490235857393, NULL, '::ffff:173.68.60.122'),
(319, 1490235860035, NULL, '::ffff:108.46.174.222'),
(319, 1490235860922, NULL, '::ffff:108.46.174.222'),
(319, 1490235861335, NULL, '::ffff:108.46.174.222'),
(319, 1490235863611, NULL, '::ffff:173.68.60.122'),
(319, 1490235866646, NULL, '::ffff:104.196.163.157'),
(319, 1490235873174, NULL, '::ffff:96.230.242.148'),
(319, 1490235873756, NULL, '::ffff:96.230.242.148'),
(319, 1490235874109, NULL, '::ffff:96.230.242.148'),
(319, 1490235883817, NULL, '::ffff:108.46.174.222'),
(319, 1490235894281, NULL, '::ffff:96.230.242.148'),
(319, 1490235915436, NULL, '::ffff:108.176.158.220'),
(319, 1490236002056, NULL, '::ffff:108.176.158.220'),
(319, 1490236002100, NULL, '::ffff:108.176.158.220'),
(319, 1490236014043, NULL, '::ffff:108.176.158.220'),
(319, 1490236014055, NULL, '::ffff:108.176.158.220'),
(319, 1490236016314, NULL, '::ffff:108.6.128.126'),
(319, 1490236038604, NULL, '::ffff:108.176.158.220'),
(319, 1490236038628, NULL, '::ffff:108.176.158.220'),
(319, 1490236073291, NULL, '::ffff:104.162.151.158'),
(319, 1490236076877, NULL, '::ffff:104.162.151.158'),
(319, 1490236078469, NULL, '::ffff:104.162.151.158'),
(319, 1490236090877, NULL, '::ffff:104.162.151.158'),
(319, 1490236185978, NULL, '::ffff:72.80.136.49'),
(319, 1490236299993, NULL, '::ffff:66.18.56.26'),
(319, 1490236315120, NULL, '::ffff:73.90.22.126'),
(319, 1490236357878, NULL, '::ffff:24.90.220.233'),
(319, 1490236404841, NULL, '::ffff:47.17.250.237'),
(319, 1490236805205, NULL, '::ffff:108.27.210.142'),
(319, 1490236855103, NULL, '::ffff:172.56.36.16'),
(319, 1490236946607, NULL, '::ffff:74.108.107.230'),
(319, 1490236947189, NULL, '::ffff:74.108.107.230'),
(319, 1490236948326, NULL, '::ffff:74.108.107.230'),
(319, 1490236954652, NULL, '::ffff:74.108.107.230'),
(319, 1490237272723, NULL, '::ffff:100.8.88.237'),
(319, 1490237286777, NULL, '::ffff:66.87.116.51'),
(319, 1490237353587, NULL, '::ffff:100.36.2.215'),
(319, 1490237366269, NULL, '::ffff:24.60.22.113'),
(319, 1490237769392, NULL, '::ffff:104.162.249.131'),
(184, 1490237785201, NULL, '::ffff:157.55.39.252'),
(319, 1490238008714, NULL, '::ffff:69.124.11.218'),
(319, 1490238118118, NULL, '::ffff:108.46.163.84'),
(319, 1490238126857, NULL, '::ffff:100.8.173.104'),
(319, 1490238345958, NULL, '::ffff:130.245.192.31'),
(319, 1490239731767, NULL, '::ffff:67.245.7.234'),
(319, 1490239801965, NULL, '::ffff:74.71.199.195'),
(319, 1490239930981, NULL, '::ffff:100.38.18.38'),
(319, 1490239942898, NULL, '::ffff:100.38.18.38'),
(319, 1490239943949, NULL, '::ffff:100.38.18.38'),
(319, 1490239944838, NULL, '::ffff:100.38.18.38'),
(319, 1490240065023, NULL, '::ffff:166.137.252.110'),
(319, 1490240066252, NULL, '::ffff:166.137.252.110'),
(319, 1490240066763, NULL, '::ffff:166.137.252.110'),
(319, 1490240078731, NULL, '::ffff:100.33.83.220'),
(319, 1490240120890, NULL, '::ffff:128.59.176.43'),
(319, 1490240121815, NULL, '::ffff:128.59.176.43'),
(319, 1490240122203, NULL, '::ffff:128.59.176.43'),
(319, 1490240135316, NULL, '::ffff:128.59.176.43'),
(319, 1490240452118, NULL, '::ffff:24.91.129.232'),
(319, 1490240502934, NULL, '::ffff:72.80.142.240'),
(319, 1490240693605, NULL, '::ffff:108.46.152.27'),
(319, 1490241110297, NULL, '::ffff:73.36.173.155'),
(319, 1490241110948, NULL, '::ffff:73.36.173.155'),
(319, 1490241111410, NULL, '::ffff:73.36.173.155'),
(319, 1490241121833, NULL, '::ffff:73.36.173.155'),
(319, 1490241490827, NULL, '::ffff:108.14.11.104'),
(319, 1490241491864, NULL, '::ffff:108.14.11.104'),
(319, 1490241492785, NULL, '::ffff:108.14.11.104'),
(319, 1490241515536, NULL, '::ffff:108.14.11.104'),
(319, 1490241515840, NULL, '::ffff:108.14.11.104'),
(319, 1490241823714, NULL, '::ffff:166.137.252.110'),
(319, 1490241824412, NULL, '::ffff:166.137.252.110'),
(319, 1490241824880, NULL, '::ffff:166.137.252.110'),
(319, 1490242328775, NULL, '::ffff:24.29.57.205'),
(319, 1490242524600, NULL, '::ffff:14.175.131.255'),
(319, 1490242625484, NULL, '::ffff:96.250.81.189'),
(319, 1490243196231, NULL, '::ffff:108.14.11.104'),
(319, 1490243197679, NULL, '::ffff:108.14.11.104'),
(319, 1490243198422, NULL, '::ffff:108.14.11.104'),
(319, 1490243251667, NULL, '::ffff:108.14.11.104'),
(319, 1490243251889, NULL, '::ffff:108.14.11.104'),
(319, 1490243258669, NULL, '::ffff:108.14.11.104'),
(319, 1490243258849, NULL, '::ffff:182.68.228.141'),
(319, 1490243259668, NULL, '::ffff:108.14.11.104'),
(319, 1490243359940, NULL, '::ffff:108.14.11.104'),
(319, 1490243359944, NULL, '::ffff:108.14.11.104'),
(319, 1490243366733, NULL, '::ffff:108.14.11.104'),
(319, 1490244995385, NULL, '::ffff:108.14.11.104'),
(319, 1490244996224, NULL, '::ffff:108.14.11.104'),
(319, 1490244996574, NULL, '::ffff:108.14.11.104'),
(319, 1490245007927, NULL, '::ffff:108.14.11.104'),
(319, 1490245008130, NULL, '::ffff:108.14.11.104'),
(319, 1490248364259, NULL, '::ffff:50.117.89.222'),
(319, 1490250009201, NULL, '::ffff:70.213.1.145'),
(319, 1490250010785, NULL, '::ffff:70.213.1.145'),
(319, 1490250011472, NULL, '::ffff:70.213.1.145'),
(319, 1490250755483, NULL, '::ffff:47.17.196.131'),
(319, 1490251231588, NULL, '::ffff:76.102.52.149'),
(319, 1490253884262, NULL, '::ffff:74.108.107.230'),
(319, 1490253885671, NULL, '::ffff:74.108.107.230'),
(319, 1490253886405, NULL, '::ffff:74.108.107.230'),
(319, 1490253906098, NULL, '::ffff:74.108.107.230'),
(319, 1490254003426, NULL, '::ffff:74.108.107.230'),
(319, 1490254004518, NULL, '::ffff:74.108.107.230'),
(319, 1490254058925, NULL, '::ffff:74.108.107.230'),
(319, 1490254059127, NULL, '::ffff:74.108.107.230'),
(319, 1490254063916, NULL, '::ffff:74.108.107.230'),
(319, 1490254064845, NULL, '::ffff:74.108.107.230'),
(319, 1490254167231, NULL, '::ffff:74.108.107.230'),
(319, 1490255329596, NULL, '::ffff:74.71.211.94'),
(319, 1490255330322, NULL, '::ffff:74.71.211.94'),
(319, 1490255330706, NULL, '::ffff:74.71.211.94'),
(319, 1490255338788, NULL, '::ffff:74.71.211.94'),
(319, 1490256373732, NULL, '::ffff:66.249.66.171'),
(184, 1490257756799, NULL, '::ffff:66.249.66.164'),
(184, 1490257894895, NULL, '::ffff:66.249.66.168'),
(319, 1490261461487, NULL, '::ffff:24.193.102.221'),
(319, 1490264832913, NULL, '::ffff:76.220.26.83'),
(184, 1490265233604, NULL, '::ffff:66.249.66.164'),
(319, 1490265372785, NULL, '::ffff:24.90.162.53'),
(319, 1490268233659, NULL, '::ffff:108.54.221.222'),
(319, 1490270972471, NULL, '::ffff:108.29.0.197'),
(319, 1490271138533, NULL, '::ffff:98.116.191.102'),
(319, 1490271139269, NULL, '::ffff:98.116.191.102'),
(319, 1490271139756, NULL, '::ffff:98.116.191.102'),
(319, 1490272430454, NULL, '::ffff:98.116.191.102'),
(319, 1490272435380, NULL, '::ffff:98.116.191.102'),
(319, 1490278239718, NULL, '::ffff:8.28.16.254'),
(319, 1490278239875, NULL, '::ffff:199.244.214.109'),
(319, 1490278241172, NULL, '::ffff:199.244.214.109'),
(319, 1490278241212, NULL, '::ffff:8.28.16.254'),
(319, 1490278241666, NULL, '::ffff:8.28.16.254'),
(319, 1490278241836, NULL, '::ffff:199.244.214.109'),
(319, 1490278263023, NULL, '::ffff:199.244.214.109'),
(319, 1490278263033, NULL, '::ffff:199.244.214.109'),
(319, 1490279654914, NULL, '::ffff:24.90.24.58'),
(319, 1490280026977, NULL, '::ffff:172.58.224.186'),
(319, 1490281665716, NULL, '::ffff:74.108.107.230'),
(319, 1490281666573, NULL, '::ffff:74.108.107.230'),
(319, 1490281671760, NULL, '::ffff:74.108.107.230'),
(319, 1490281672156, NULL, '::ffff:74.108.107.230'),
(319, 1490282483017, NULL, '::ffff:74.101.231.96'),
(319, 1490283426865, NULL, '::ffff:108.14.4.224'),
(184, 1490284115670, NULL, '::ffff:157.55.39.185'),
(319, 1490284821345, NULL, '::ffff:221.150.22.201'),
(319, 1490289489267, NULL, '::ffff:66.249.66.168'),
(319, 1490330684881, NULL, '74.108.107.230'),
(319, 1490330685605, NULL, '74.108.107.230'),
(319, 1490330686743, NULL, '74.108.107.230'),
(319, 1490330700968, NULL, '74.108.107.230'),
(319, 1490332197465, NULL, '74.108.107.230'),
(319, 1490332198869, NULL, '74.108.107.230'),
(319, 1490332199381, NULL, '74.108.107.230'),
(319, 1490332227721, NULL, '74.108.107.230'),
(319, 1490332228154, NULL, '74.108.107.230'),
(319, 1490332228546, NULL, '74.108.107.230'),
(319, 1490332228942, NULL, '74.108.107.230'),
(319, 1490332240245, NULL, '74.108.107.230'),
(319, 1490332418227, NULL, '74.108.107.230'),
(319, 1490332419211, NULL, '74.108.107.230'),
(319, 1490332419749, NULL, '74.108.107.230'),
(319, 1490332466145, NULL, '74.108.107.230'),
(319, 1490332466571, NULL, '74.108.107.230'),
(319, 1490332467162, NULL, '74.108.107.230'),
(319, 1490332467694, NULL, '74.108.107.230'),
(319, 1490332517587, NULL, '74.108.107.230'),
(319, 1490332517854, NULL, '74.108.107.230'),
(319, 1490332527194, NULL, '74.108.107.230'),
(319, 1490332527552, NULL, '74.108.107.230'),
(319, 1490332609728, NULL, '74.108.107.230'),
(319, 1490332619278, NULL, '74.108.107.230'),
(319, 1490332645614, NULL, '74.108.107.230'),
(319, 1490332649957, NULL, '74.108.107.230'),
(319, 1490332651043, NULL, '74.108.107.230'),
(319, 1490332651514, NULL, '74.108.107.230'),
(319, 1490332701373, NULL, '74.108.107.230'),
(319, 1490332701680, NULL, '74.108.107.230'),
(319, 1490332711048, NULL, '74.108.107.230'),
(319, 1490332711529, NULL, '74.108.107.230'),
(319, 1490332782491, NULL, '74.108.107.230'),
(319, 1490332783284, NULL, '74.108.107.230'),
(319, 1490332783675, NULL, '74.108.107.230'),
(319, 1490332796895, NULL, '74.108.107.230'),
(319, 1490332797269, NULL, '74.108.107.230'),
(319, 1490332797409, NULL, '74.108.107.230'),
(319, 1490332797801, NULL, '74.108.107.230'),
(319, 1490332801544, NULL, '74.108.107.230'),
(319, 1490332823636, NULL, '74.108.107.230'),
(319, 1490332826407, NULL, '74.108.107.230'),
(319, 1490332835492, NULL, '74.108.107.230'),
(319, 1490332836496, NULL, '74.108.107.230'),
(319, 1490332836911, NULL, '74.108.107.230'),
(319, 1490332865210, NULL, '74.108.107.230'),
(319, 1490332865645, NULL, '74.108.107.230'),
(319, 1490332866102, NULL, '74.108.107.230'),
(319, 1490332866516, NULL, '74.108.107.230'),
(319, 1490332916314, NULL, '74.108.107.230'),
(319, 1490332916530, NULL, '74.108.107.230'),
(319, 1490332926118, NULL, '74.108.107.230'),
(319, 1490332926539, NULL, '74.108.107.230'),
(319, 1490333055882, NULL, '74.108.107.230'),
(319, 1490333056805, NULL, '74.108.107.230'),
(319, 1490333057229, NULL, '74.108.107.230'),
(184, 1490333090506, NULL, '74.108.107.230'),
(319, 1490333090873, NULL, '74.108.107.230'),
(184, 1490333092141, NULL, '74.108.107.230'),
(184, 1490333114867, NULL, '74.108.107.230'),
(184, 1490333116118, NULL, '74.108.107.230'),
(184, 1490333178599, NULL, '74.108.107.230'),
(184, 1490333179838, NULL, '74.108.107.230'),
(184, 1490333245985, NULL, '74.108.107.230'),
(184, 1490333247157, NULL, '74.108.107.230'),
(319, 1490333700399, NULL, '74.108.107.230'),
(319, 1490333701045, NULL, '74.108.107.230'),
(319, 1490333701425, NULL, '74.108.107.230'),
(184, 1490334391188, NULL, '207.46.13.16'),
(184, 1490335665216, NULL, '88.99.160.196'),
(319, 1490340247724, NULL, '66.249.66.168'),
(319, 1490340444903, NULL, '66.249.66.168'),
(184, 1490342469367, NULL, '5.255.250.91'),
(184, 1490342473330, NULL, '5.255.250.91'),
(319, 1490342642468, NULL, '58.96.56.11'),
(319, 1490342643561, NULL, '58.96.56.11'),
(319, 1490342644625, NULL, '58.96.56.11'),
(319, 1490354978629, NULL, '64.74.215.140'),
(319, 1490361484741, NULL, '32.212.51.119'),
(184, 1490361731128, NULL, '5.255.250.91'),
(184, 1490361735348, NULL, '5.255.250.91'),
(319, 1490369672371, NULL, '74.108.107.230'),
(184, 1490369686230, NULL, '74.108.107.230'),
(184, 1490369921946, NULL, '213.135.242.88'),
(319, 1490370444657, NULL, '67.244.7.136'),
(184, 1490378365641, NULL, '207.46.13.247'),
(184, 1490378533858, NULL, '207.46.13.150'),
(319, 1490382323715, NULL, '108.46.112.149'),
(319, 1490382676810, NULL, '146.95.37.53'),
(184, 1490383854225, NULL, '207.46.13.150'),
(184, 1490383895347, NULL, '207.46.13.150'),
(319, 1490388519291, NULL, '204.44.65.210'),
(184, 1490390840016, NULL, '207.46.13.150'),
(319, 1490394982508, NULL, '158.69.25.178'),
(319, 1490394982872, NULL, '158.69.25.178'),
(319, 1490394983250, NULL, '158.69.25.178'),
(319, 1490396363954, NULL, '72.69.3.178'),
(319, 1490396432169, NULL, '91.210.147.237'),
(319, 1490396445371, NULL, '91.210.147.237'),
(319, 1490411573026, NULL, '173.68.106.150'),
(184, 1490432060321, NULL, '5.255.250.91'),
(184, 1490432063904, NULL, '5.255.250.91'),
(184, 1490436545441, NULL, '104.156.230.231'),
(319, 1490437091731, NULL, '66.249.66.171'),
(319, 1490437092150, NULL, '66.249.66.174'),
(184, 1490437935309, NULL, '109.163.234.7'),
(319, 1490441056276, NULL, '64.74.215.89'),
(184, 1490442808777, NULL, '157.55.39.0'),
(184, 1490443357009, NULL, '207.46.13.75'),
(319, 1490457583164, NULL, '185.46.8.135'),
(319, 1490457584073, NULL, '185.46.8.135'),
(319, 1490457586765, NULL, '185.46.8.135'),
(319, 1490457589467, NULL, '185.46.8.135'),
(319, 1490457592851, NULL, '185.46.8.135'),
(319, 1490457595506, NULL, '185.46.8.135'),
(319, 1490457596153, NULL, '185.46.8.135'),
(319, 1490458570524, NULL, '157.55.39.251'),
(319, 1490464136978, NULL, '52.6.203.51'),
(319, 1490464137360, NULL, '52.6.203.51'),
(319, 1490470503358, NULL, '81.33.127.207'),
(184, 1490477093484, NULL, '157.55.39.0'),
(184, 1490477176155, NULL, '141.8.143.196'),
(184, 1490486390905, NULL, '207.46.13.16'),
(184, 1490486411466, NULL, '40.77.167.68'),
(319, 1490491181758, NULL, '66.249.69.253'),
(319, 1490499578950, NULL, '54.91.97.220'),
(184, 1490515850113, NULL, '66.249.69.223'),
(184, 1490515850765, NULL, '66.249.69.223'),
(184, 1490520087130, NULL, '52.87.86.158'),
(184, 1490523608005, NULL, '173.252.123.132'),
(184, 1490537872934, NULL, '40.77.167.68'),
(184, 1490548494892, NULL, '157.55.39.252'),
(184, 1490548495292, NULL, '157.55.39.252'),
(184, 1490556326239, NULL, '77.222.96.133'),
(184, 1490589699724, NULL, '157.55.39.149'),
(184, 1490589728108, NULL, '40.77.167.68'),
(184, 1490595635988, NULL, '40.77.167.68'),
(184, 1490622684851, NULL, '5.255.250.91'),
(184, 1490622687546, NULL, '5.255.250.91'),
(184, 1490625382123, NULL, '72.79.54.220'),
(184, 1490625382474, NULL, '72.79.54.220'),
(184, 1490625382880, NULL, '72.79.54.220'),
(184, 1490625384197, NULL, '72.79.54.220'),
(184, 1490625385430, NULL, '72.79.54.220'),
(184, 1490625386660, NULL, '72.79.54.220'),
(184, 1490625387912, NULL, '72.79.54.220'),
(184, 1490625389163, NULL, '72.79.54.220'),
(184, 1490625390420, NULL, '72.79.54.220'),
(184, 1490625391689, NULL, '72.79.54.220'),
(184, 1490625391930, NULL, '72.79.54.220'),
(184, 1490625393172, NULL, '72.79.54.220'),
(184, 1490625394423, NULL, '72.79.54.220'),
(184, 1490625395653, NULL, '72.79.54.220'),
(184, 1490625395926, NULL, '72.79.54.220'),
(184, 1490625397184, NULL, '72.79.54.220'),
(184, 1490639552170, NULL, '5.255.250.91'),
(184, 1490639555941, NULL, '5.255.250.91'),
(184, 1490645826725, NULL, '69.30.222.130'),
(184, 1490645826837, NULL, '69.30.222.130'),
(184, 1490645827100, NULL, '69.30.222.130'),
(184, 1490645827261, NULL, '69.30.222.130'),
(184, 1490645827493, NULL, '69.30.222.130'),
(184, 1490663035548, NULL, '46.161.62.98'),
(184, 1490666821455, NULL, '66.249.79.32'),
(184, 1490666821975, NULL, '66.249.79.32'),
(184, 1490671990955, NULL, '66.249.65.168'),
(184, 1490672014714, NULL, '31.13.113.171'),
(184, 1490693784878, NULL, '62.212.68.156'),
(184, 1490707635496, NULL, '66.196.48.61'),
(184, 1490707636016, NULL, '66.196.48.61'),
(184, 1490707636474, NULL, '66.196.48.61'),
(184, 1490707636884, NULL, '66.196.48.61'),
(184, 1490707637284, NULL, '66.196.48.61'),
(184, 1490707637704, NULL, '66.196.48.61'),
(184, 1490707638151, NULL, '66.196.48.61'),
(184, 1490707638621, NULL, '66.196.48.61'),
(184, 1490707639120, NULL, '66.196.48.61'),
(184, 1490707639594, NULL, '66.196.48.61'),
(184, 1490707639984, NULL, '66.196.48.61'),
(184, 1490707640405, NULL, '66.196.48.61'),
(184, 1490707640801, NULL, '66.196.48.61'),
(184, 1490707641235, NULL, '66.196.48.61'),
(184, 1490707641651, NULL, '66.196.48.61'),
(184, 1490713524698, NULL, '157.55.39.52'),
(184, 1490716117888, NULL, '157.55.39.52'),
(184, 1490724472094, NULL, '213.233.150.108'),
(184, 1490725847900, NULL, '157.55.39.52'),
(184, 1490729047200, NULL, '74.108.107.230'),
(184, 1490737780451, NULL, '103.43.93.26'),
(184, 1490737780591, NULL, '103.43.93.26'),
(184, 1490740568545, NULL, '46.105.31.30'),
(184, 1490741303688, NULL, '157.55.39.52'),
(184, 1490742778281, NULL, '74.108.107.230'),
(184, 1490744228118, NULL, '157.55.39.52'),
(184, 1490744694654, NULL, '157.55.39.52'),
(184, 1490745121054, NULL, '157.55.39.52'),
(184, 1490745588868, NULL, '157.55.39.52'),
(184, 1490746056066, NULL, '157.55.39.52'),
(184, 1490746578158, NULL, '207.46.13.207'),
(184, 1490746578549, NULL, '207.46.13.207'),
(184, 1490746578748, NULL, '157.55.39.52'),
(184, 1490747044199, NULL, '157.55.39.52'),
(184, 1490747511500, NULL, '157.55.39.52'),
(184, 1490747908894, NULL, '157.55.39.52'),
(184, 1490749731908, NULL, '207.46.13.200'),
(184, 1490749734901, NULL, '157.55.39.52'),
(184, 1490751892084, NULL, '157.55.39.52'),
(184, 1490766263643, NULL, '207.46.13.20'),
(184, 1490766267079, NULL, '157.55.39.52'),
(184, 1490772760415, NULL, '66.249.64.34'),
(184, 1490772760695, NULL, '66.249.64.34'),
(322, 1490793408800, NULL, '178.159.43.58'),
(322, 1490796376680, NULL, '178.159.43.58'),
(184, 1490797230297, NULL, '192.187.109.42'),
(184, 1490797230339, NULL, '192.187.109.42'),
(184, 1490797230713, NULL, '192.187.109.42'),
(184, 1490797230795, NULL, '192.187.109.42'),
(184, 1490797231076, NULL, '192.187.109.42'),
(184, 1490800556472, NULL, '5.255.250.91'),
(184, 1490800572061, NULL, '5.255.250.91'),
(184, 1490800953901, NULL, '66.249.64.34'),
(184, 1490802183718, NULL, '66.249.64.34'),
(184, 1490810309749, NULL, '52.4.48.181'),
(184, 1490810310013, NULL, '52.4.48.181'),
(184, 1490812150829, NULL, '177.158.158.31'),
(184, 1490812605361, NULL, '74.108.107.230'),
(322, 1490813149244, NULL, '51.15.61.252'),
(322, 1490813150215, NULL, '51.15.61.252'),
(184, 1490814311700, NULL, '207.46.13.207'),
(184, 1490817109588, NULL, '66.249.66.168'),
(184, 1490817407413, NULL, '66.249.66.168'),
(184, 1490818615328, NULL, '66.249.66.164'),
(322, 1490819320573, NULL, '74.108.107.230'),
(322, 1490820426740, NULL, '74.108.107.230'),
(184, 1490822406939, NULL, '157.55.39.146'),
(322, 1490823607084, NULL, '69.4.39.174'),
(184, 1490841502198, NULL, '74.108.107.230'),
(184, 1490842778409, NULL, '74.108.107.230'),
(322, 1490843175290, NULL, '173.68.106.150'),
(184, 1490845927323, NULL, '83.217.27.244'),
(322, 1490849972809, NULL, '52.59.192.134'),
(322, 1490849973220, NULL, '52.59.192.134'),
(322, 1490849973609, NULL, '52.59.192.134'),
(184, 1490853745302, NULL, '207.46.13.115'),
(322, 1490861137641, NULL, '64.74.215.15'),
(184, 1490870282412, NULL, '201.55.31.197'),
(184, 1490880143505, NULL, '121.196.225.253'),
(184, 1490880145306, NULL, '121.196.225.253'),
(184, 1490880200342, NULL, '121.196.225.253'),
(184, 1490880224032, NULL, '121.196.225.253'),
(184, 1490880277409, NULL, '121.196.225.253'),
(184, 1490880278333, NULL, '121.196.225.253'),
(184, 1490880299412, NULL, '121.196.225.253'),
(184, 1490880300304, NULL, '121.196.225.253'),
(184, 1490880362152, NULL, '121.196.225.253'),
(184, 1490880373237, NULL, '121.196.225.253'),
(184, 1490880384246, NULL, '121.196.225.253'),
(322, 1490890768433, NULL, '162.210.196.100'),
(322, 1490890770141, NULL, '162.210.196.100'),
(184, 1490892370296, NULL, '66.249.66.171'),
(184, 1490892370889, NULL, '66.249.66.171'),
(322, 1490895336826, NULL, '62.212.68.156'),
(184, 1490896464996, NULL, '66.249.66.168'),
(184, 1490897021559, NULL, '157.55.39.86'),
(322, 1490910670363, NULL, '207.46.13.20'),
(322, 1490910836031, NULL, '157.55.39.50'),
(322, 1490910854766, NULL, '40.77.167.26'),
(184, 1490914165294, NULL, '74.108.107.230'),
(184, 1490917876463, NULL, '178.217.187.39'),
(184, 1490919544346, NULL, '199.58.86.209'),
(184, 1490919547032, NULL, '199.58.86.209'),
(184, 1490920661303, NULL, '207.46.13.115'),
(322, 1490921621596, NULL, '52.86.217.134'),
(184, 1490921782551, NULL, '52.86.217.134'),
(184, 1490926798812, NULL, '66.249.66.171'),
(322, 1490934641182, NULL, '173.68.106.150'),
(184, 1490949480609, NULL, '207.46.13.115'),
(322, 1490955495201, NULL, '66.249.66.174'),
(322, 1490955495768, NULL, '66.249.66.168'),
(184, 1490961790525, NULL, '46.166.148.176'),
(322, 1490961803225, NULL, '91.223.82.156'),
(322, 1490963675505, NULL, '45.32.128.51'),
(322, 1490965497800, NULL, '91.210.146.28'),
(322, 1490965499287, NULL, '91.210.146.28'),
(184, 1490986301066, NULL, '192.36.27.4'),
(322, 1490991467045, NULL, '74.108.107.230'),
(184, 1490992036288, NULL, '66.249.66.164'),
(184, 1490992036985, NULL, '66.249.66.168'),
(184, 1490993265649, NULL, '66.249.66.168'),
(184, 1490996956121, NULL, '66.249.66.168'),
(184, 1491000905608, NULL, '66.249.66.164'),
(184, 1491001205870, NULL, '66.249.66.164'),
(322, 1491005760230, NULL, '74.138.223.195'),
(184, 1491006429081, NULL, '177.39.199.247'),
(322, 1491006437749, NULL, '66.220.145.244'),
(184, 1491007025768, NULL, '66.249.66.171'),
(184, 1491008950003, NULL, '66.249.66.168'),
(322, 1491009583592, NULL, '66.249.66.174'),
(184, 1491009656866, NULL, '191.223.231.111'),
(322, 1491016258795, NULL, '173.68.106.150'),
(184, 1491020226131, NULL, '66.249.66.164'),
(322, 1491021399727, NULL, '66.249.83.215'),
(184, 1491021446816, NULL, '66.249.66.164'),
(184, 1491024487082, NULL, '66.249.66.168'),
(184, 1491033262459, NULL, '66.249.66.168'),
(184, 1491037201109, NULL, '46.105.31.30'),
(184, 1491043766767, NULL, '66.249.66.168'),
(184, 1491047066920, NULL, '149.202.175.151'),
(184, 1491051561950, NULL, '66.249.66.171'),
(184, 1491061962307, NULL, '40.77.167.97'),
(184, 1491070818725, NULL, '31.13.113.189'),
(184, 1491072107431, NULL, '66.249.66.168'),
(184, 1491073365511, NULL, '66.249.66.164'),
(322, 1491075077145, NULL, '204.13.201.137'),
(322, 1491075110551, NULL, '209.222.77.220'),
(322, 1491075390179, NULL, '139.59.149.99'),
(322, 1491076105099, NULL, '150.70.173.55'),
(184, 1491076415738, NULL, '66.249.66.168'),
(322, 1491079189867, NULL, '46.182.19.219'),
(184, 1491081005641, NULL, '66.249.66.171'),
(184, 1491081006990, NULL, '66.249.66.164'),
(184, 1491081007992, NULL, '66.249.66.168'),
(322, 1491083783141, NULL, '45.33.20.249'),
(184, 1491084676200, NULL, '66.249.66.168'),
(184, 1491089266070, NULL, '66.249.66.168'),
(322, 1491092800926, NULL, '172.56.11.191'),
(322, 1491095414320, NULL, '45.55.224.77'),
(184, 1491095705522, NULL, '66.249.66.171'),
(322, 1491096064631, NULL, '89.38.148.176'),
(184, 1491096618736, NULL, '66.249.66.164'),
(322, 1491097077174, NULL, '74.108.107.230'),
(322, 1491097107665, NULL, '108.176.158.220'),
(322, 1491102774915, NULL, '74.138.223.195'),
(184, 1491106358538, NULL, '66.249.66.171'),
(184, 1491106667103, NULL, '66.249.66.171'),
(184, 1491106977968, NULL, '66.249.66.171'),
(184, 1491108656610, NULL, '31.13.113.182'),
(184, 1491110608138, NULL, '66.249.66.168'),
(184, 1491112748565, NULL, '66.249.66.171'),
(184, 1491115177802, NULL, '66.249.66.164'),
(184, 1491115178797, NULL, '66.249.66.171'),
(184, 1491115789114, NULL, '66.249.66.164'),
(184, 1491117375197, NULL, '66.249.66.164'),
(184, 1491129926093, NULL, '66.249.66.168'),
(184, 1491141247373, NULL, '66.249.66.168'),
(184, 1491141866477, NULL, '66.249.66.164'),
(184, 1491178198334, NULL, '144.217.80.113'),
(184, 1491183437962, NULL, '66.249.66.171'),
(184, 1491183438336, NULL, '66.249.66.171'),
(184, 1491187706485, NULL, '66.249.66.168'),
(184, 1491187707487, NULL, '66.249.66.171'),
(184, 1491195146335, NULL, '5.255.250.91'),
(184, 1491195149813, NULL, '5.255.250.91'),
(184, 1491198436526, NULL, '66.249.66.164'),
(184, 1491203316952, NULL, '66.249.66.171'),
(184, 1491206047167, NULL, '66.249.66.164'),
(184, 1491207267993, NULL, '66.249.66.164'),
(184, 1491208703294, NULL, '93.115.95.207'),
(184, 1491208711059, NULL, '94.242.246.23'),
(184, 1491210814054, NULL, '104.156.230.231'),
(184, 1491215187004, NULL, '66.249.66.168'),
(184, 1491215486393, NULL, '66.249.66.168'),
(184, 1491216107901, NULL, '66.249.66.171'),
(184, 1491224753645, NULL, '52.38.196.103'),
(184, 1491224754181, NULL, '52.38.196.103'),
(184, 1491224756806, NULL, '52.38.196.103'),
(184, 1491224760031, NULL, '52.38.196.103'),
(184, 1491224760528, NULL, '52.38.196.103'),
(184, 1491224760991, NULL, '52.38.196.103'),
(184, 1491224761474, NULL, '52.38.196.103'),
(184, 1491224761974, NULL, '52.38.196.103'),
(184, 1491224762454, NULL, '52.38.196.103'),
(184, 1491224762901, NULL, '52.38.196.103'),
(184, 1491224763340, NULL, '52.38.196.103'),
(184, 1491224763816, NULL, '52.38.196.103'),
(184, 1491224764284, NULL, '52.38.196.103'),
(184, 1491224764738, NULL, '52.38.196.103'),
(184, 1491224765209, NULL, '52.38.196.103'),
(184, 1491224765664, NULL, '52.38.196.103'),
(184, 1491224766143, NULL, '52.38.196.103'),
(184, 1491224766626, NULL, '52.38.196.103'),
(184, 1491224771453, NULL, '52.38.196.103'),
(184, 1491224773741, NULL, '52.38.196.103'),
(184, 1491224774213, NULL, '52.38.196.103'),
(184, 1491224778443, NULL, '52.38.196.103'),
(184, 1491224778910, NULL, '52.38.196.103'),
(184, 1491224779374, NULL, '52.38.196.103'),
(184, 1491224780483, NULL, '52.38.196.103'),
(184, 1491224780948, NULL, '52.38.196.103'),
(184, 1491224781411, NULL, '52.38.196.103'),
(184, 1491224781849, NULL, '52.38.196.103'),
(184, 1491224782284, NULL, '52.38.196.103'),
(184, 1491224782737, NULL, '52.38.196.103'),
(184, 1491224783216, NULL, '52.38.196.103'),
(184, 1491224783684, NULL, '52.38.196.103'),
(184, 1491224784160, NULL, '52.38.196.103'),
(184, 1491224784844, NULL, '52.38.196.103'),
(184, 1491230367460, NULL, '66.249.66.168'),
(184, 1491231567400, NULL, '66.249.66.164'),
(184, 1491232777083, NULL, '66.249.66.168'),
(184, 1491234253903, NULL, '5.255.250.91'),
(184, 1491234259370, NULL, '5.255.250.91'),
(184, 1491234866650, NULL, '5.255.250.91'),
(184, 1491235216854, NULL, '66.249.66.171'),
(184, 1491235837130, NULL, '66.249.66.164'),
(184, 1491244085769, NULL, '207.46.13.143'),
(184, 1491244087856, NULL, '40.77.167.23'),
(184, 1491250444669, NULL, '173.208.169.26'),
(184, 1491250444692, NULL, '173.208.169.26'),
(184, 1491250445016, NULL, '173.208.169.26'),
(184, 1491250445047, NULL, '173.208.169.26'),
(184, 1491250445310, NULL, '173.208.169.26'),
(184, 1491261753640, NULL, '66.249.66.171'),
(184, 1491266902708, NULL, '66.249.66.168'),
(184, 1491272209083, NULL, '66.249.66.171'),
(184, 1491272209404, NULL, '66.249.66.171'),
(184, 1491274083147, NULL, '5.255.250.91'),
(184, 1491274087101, NULL, '5.255.250.91'),
(184, 1491279352743, NULL, '66.249.66.168'),
(184, 1491279353536, NULL, '66.249.66.168'),
(184, 1491279973333, NULL, '66.249.66.164'),
(184, 1491287393230, NULL, '207.46.13.248'),
(184, 1491303898933, NULL, '66.249.66.168'),
(184, 1491314241225, NULL, '5.255.250.91'),
(184, 1491314244990, NULL, '5.255.250.91'),
(184, 1491317156832, NULL, '66.249.66.171'),
(184, 1491334587805, NULL, '66.249.66.171'),
(184, 1491334963635, NULL, '201.148.125.164'),
(184, 1491338256485, NULL, '66.249.66.168'),
(184, 1491340882229, NULL, '108.46.50.74'),
(184, 1491348636714, NULL, '66.249.66.171'),
(184, 1491367161660, NULL, '66.249.66.168'),
(184, 1491367161932, NULL, '66.249.66.164'),
(184, 1491371828343, NULL, '157.55.39.47'),
(184, 1491372175661, NULL, '5.255.250.91'),
(184, 1491372180105, NULL, '5.255.250.91'),
(184, 1491375710908, NULL, '66.249.66.171'),
(184, 1491383386144, NULL, '5.255.250.91'),
(184, 1491383389832, NULL, '5.255.250.91'),
(184, 1491389067850, NULL, '66.249.66.164'),
(184, 1491392770645, NULL, '66.249.66.168'),
(184, 1491404997204, NULL, '66.249.66.168'),
(184, 1491407746506, NULL, '66.249.66.168'),
(184, 1491427615981, NULL, '66.249.66.168'),
(184, 1491429131838, NULL, '193.201.225.109'),
(184, 1491430073388, NULL, '66.249.66.168'),
(184, 1491456629075, NULL, '66.249.66.164'),
(184, 1491456630443, NULL, '66.249.66.168'),
(184, 1491461209615, NULL, '66.249.66.171'),
(184, 1491463641798, NULL, '108.61.177.16'),
(184, 1491463642312, NULL, '108.61.177.16'),
(184, 1491467390241, NULL, '157.55.39.64'),
(184, 1491467393297, NULL, '207.46.13.58'),
(184, 1491468033373, NULL, '66.249.66.164'),
(184, 1491470173451, NULL, '66.249.66.164'),
(184, 1491474144068, NULL, '66.249.66.164'),
(184, 1491479334086, NULL, '66.249.66.171'),
(184, 1491482353772, NULL, '66.249.66.168'),
(184, 1491486913629, NULL, '66.249.66.168'),
(184, 1491486914432, NULL, '66.249.66.164'),
(184, 1491488341037, NULL, '66.249.66.168'),
(184, 1491488641284, NULL, '66.249.66.168'),
(184, 1491490481613, NULL, '66.249.66.171'),
(184, 1491493510310, NULL, '66.249.66.171'),
(184, 1491495651906, NULL, '66.249.66.171'),
(184, 1491496870107, NULL, '66.249.66.171'),
(184, 1491496871108, NULL, '66.249.66.164'),
(184, 1491497490183, NULL, '66.249.66.171'),
(184, 1491498388865, NULL, '66.249.66.160'),
(184, 1491498688951, NULL, '66.249.66.156'),
(184, 1491503560553, NULL, '66.249.66.171'),
(184, 1491505080245, NULL, '66.249.66.171'),
(184, 1491506299923, NULL, '66.249.66.164'),
(184, 1491506598784, NULL, '66.249.66.168'),
(184, 1491506599776, NULL, '66.249.66.164'),
(184, 1491506899473, NULL, '66.249.66.171'),
(184, 1491509667455, NULL, '157.55.39.118'),
(184, 1491510880113, NULL, '66.249.66.171'),
(184, 1491511490180, NULL, '66.249.66.164'),
(184, 1491512410524, NULL, '66.249.66.168'),
(184, 1491513321678, NULL, '66.249.66.168'),
(184, 1491513630555, NULL, '66.249.66.168'),
(184, 1491513631257, NULL, '66.249.66.168'),
(184, 1491513929783, NULL, '66.249.66.171'),
(184, 1491513930386, NULL, '66.249.66.164'),
(184, 1491514239994, NULL, '66.249.66.168'),
(184, 1491514240750, NULL, '66.249.66.168'),
(184, 1491515412554, NULL, '66.220.152.165'),
(184, 1491520369113, NULL, '66.249.66.168'),
(184, 1491522499332, NULL, '66.249.66.164'),
(184, 1491523119768, NULL, '66.249.66.168'),
(184, 1491523729408, NULL, '66.249.66.164'),
(184, 1491523730121, NULL, '66.249.66.171'),
(184, 1491523730527, NULL, '66.249.66.168'),
(184, 1491524040987, NULL, '66.249.66.168'),
(184, 1491525249644, NULL, '66.249.66.164'),
(184, 1491525250465, NULL, '66.249.66.171'),
(184, 1491525863460, NULL, '66.249.66.168'),
(184, 1491526170668, NULL, '66.249.66.164'),
(184, 1491526173554, NULL, '66.249.66.168'),
(184, 1491526480147, NULL, '66.249.66.168'),
(184, 1491526480865, NULL, '66.249.66.168'),
(184, 1491527999248, NULL, '66.249.66.164'),
(184, 1491528604127, NULL, '66.249.66.168'),
(184, 1491529532153, NULL, '66.249.66.171'),
(184, 1491529533156, NULL, '66.249.66.168'),
(184, 1491530139565, NULL, '66.249.66.171'),
(184, 1491530749152, NULL, '66.249.66.168'),
(184, 1491531360086, NULL, '66.249.66.164'),
(184, 1491531659092, NULL, '66.249.66.171'),
(184, 1491531659894, NULL, '66.249.66.164'),
(184, 1491531661128, NULL, '66.249.66.171'),
(184, 1491531969424, NULL, '66.249.66.168'),
(184, 1491532280292, NULL, '66.249.66.168'),
(184, 1491532281100, NULL, '66.249.66.171'),
(184, 1491532569881, NULL, '66.249.66.164'),
(184, 1491533489625, NULL, '66.249.66.164'),
(184, 1491533493657, NULL, '66.249.66.164'),
(184, 1491533799482, NULL, '66.249.66.171'),
(184, 1491534109677, NULL, '66.249.66.171'),
(184, 1491537449594, NULL, '66.249.66.164'),
(184, 1491538059476, NULL, '66.249.66.171'),
(184, 1491538359748, NULL, '66.249.66.164'),
(184, 1491538979617, NULL, '66.249.66.168'),
(184, 1491539293085, NULL, '66.249.66.164');
INSERT INTO `stats_rental_history` (`rental_id`, `timestamp`, `account_id`, `user_ip`) VALUES
(184, 1491540818641, NULL, '66.249.66.168'),
(184, 1491541131393, NULL, '66.249.66.168'),
(184, 1491542665813, NULL, '66.249.66.171'),
(184, 1491543050375, NULL, '66.249.66.164'),
(184, 1491543050384, NULL, '66.249.66.168'),
(184, 1491546914273, NULL, '66.249.66.164'),
(184, 1491551387897, NULL, '5.255.250.91'),
(184, 1491551391787, NULL, '5.255.250.91'),
(184, 1491552161147, NULL, '66.249.66.171'),
(184, 1491552465408, NULL, '66.249.66.168'),
(184, 1491558564716, NULL, '66.249.66.164'),
(184, 1491558567564, NULL, '66.249.66.171'),
(184, 1491558875489, NULL, '66.249.66.168'),
(184, 1491559175287, NULL, '66.249.66.168'),
(184, 1491559175983, NULL, '66.249.66.164'),
(184, 1491560747534, NULL, '5.255.250.91'),
(184, 1491567694292, NULL, '66.249.66.171'),
(184, 1491569768217, NULL, '5.255.250.91'),
(184, 1491569771932, NULL, '5.255.250.91'),
(184, 1491587968148, NULL, '66.249.66.171'),
(184, 1491599162804, NULL, '62.212.73.49'),
(184, 1491605588159, NULL, '157.55.39.86'),
(184, 1491605593905, NULL, '207.46.13.24'),
(184, 1491613003261, NULL, '66.249.66.168'),
(184, 1491613314510, NULL, '66.249.66.164'),
(184, 1491620988404, NULL, '199.58.86.209'),
(184, 1491620991337, NULL, '199.58.86.209'),
(184, 1491635433148, NULL, '66.249.66.168'),
(184, 1491635433469, NULL, '66.249.66.168'),
(184, 1491636043182, NULL, '66.249.66.171'),
(184, 1491636829295, NULL, '5.255.250.91'),
(184, 1491636833238, NULL, '5.255.250.91'),
(184, 1491637273091, NULL, '66.249.66.171'),
(184, 1491639252803, NULL, '54.94.216.132'),
(184, 1491645852541, NULL, '66.249.66.164'),
(184, 1491647672533, NULL, '66.249.66.171'),
(184, 1491650638038, NULL, '5.255.250.91'),
(184, 1491650641713, NULL, '5.255.250.91'),
(184, 1491656826183, NULL, '207.46.13.24'),
(184, 1491663255594, NULL, '5.255.250.91'),
(184, 1491663259279, NULL, '5.255.250.91'),
(184, 1491665200512, NULL, '5.255.250.91'),
(184, 1491679805642, NULL, '31.13.113.175'),
(184, 1491688521233, NULL, '66.249.66.168'),
(184, 1491695792065, NULL, '82.165.140.254'),
(184, 1491703307158, NULL, '189.79.26.44'),
(184, 1491708519735, NULL, '66.249.66.168'),
(184, 1491710849019, NULL, '192.151.152.122'),
(184, 1491710849435, NULL, '192.151.152.122'),
(184, 1491710849515, NULL, '192.151.152.122'),
(184, 1491710849865, NULL, '192.151.152.122'),
(333, 1491710918636, NULL, '198.58.107.211'),
(184, 1491712768679, NULL, '66.249.66.171'),
(184, 1491712769469, NULL, '66.249.66.168'),
(184, 1491713636488, NULL, '157.55.39.214'),
(184, 1491713665246, NULL, '157.55.39.68'),
(333, 1491723158331, NULL, '50.116.16.218'),
(184, 1492703656409, NULL, '74.108.107.230'),
(184, 1492711098101, NULL, '207.46.13.104'),
(184, 1492733908905, NULL, '31.13.114.67'),
(340, 1492736405630, NULL, '74.108.107.230'),
(340, 1492736409060, NULL, '66.249.75.3'),
(340, 1492736438673, NULL, '74.108.107.230'),
(184, 1492738437577, NULL, '157.55.39.6'),
(184, 1492738442869, NULL, '207.46.13.15'),
(340, 1492739368491, NULL, '109.236.86.17'),
(340, 1492739368922, NULL, '109.236.86.17'),
(340, 1492739369345, NULL, '109.236.86.17'),
(340, 1492739369746, NULL, '109.236.86.17'),
(340, 1492739370160, NULL, '109.236.86.17'),
(340, 1492739370596, NULL, '109.236.86.17'),
(340, 1492739371006, NULL, '109.236.86.17'),
(340, 1492739371422, NULL, '109.236.86.17'),
(340, 1492739371830, NULL, '109.236.86.17'),
(340, 1492739372316, NULL, '109.236.86.17'),
(340, 1492739372732, NULL, '109.236.86.17'),
(340, 1492744383512, NULL, '66.249.75.62'),
(340, 1492783845242, NULL, '74.108.107.230'),
(340, 1492785202693, NULL, '5.255.250.91'),
(340, 1492785207656, NULL, '5.255.250.91'),
(340, 1492786011545, NULL, '74.108.107.230'),
(340, 1492786016820, NULL, '74.108.107.230'),
(340, 1492789198718, NULL, '74.108.107.230'),
(340, 1492789200771, NULL, '74.108.107.230'),
(184, 1492791526971, NULL, '199.30.25.153'),
(184, 1492791528731, NULL, '207.46.13.15'),
(184, 1492792236835, NULL, '207.46.13.15'),
(340, 1492793594091, NULL, '66.249.75.3'),
(340, 1492794814060, NULL, '66.249.75.60'),
(340, 1492797115099, NULL, '66.249.75.3'),
(340, 1492797115364, NULL, '66.249.75.3'),
(340, 1492802552651, NULL, '180.76.15.161'),
(340, 1492802552663, NULL, '180.76.15.160'),
(340, 1492802713141, NULL, '180.76.15.156'),
(340, 1492802725536, NULL, '204.13.201.139'),
(340, 1492803046381, NULL, '139.59.149.99'),
(340, 1492804881218, NULL, '94.177.236.176'),
(184, 1492805579640, NULL, '173.252.123.131'),
(184, 1492806344609, NULL, '66.249.69.100'),
(340, 1492807650449, NULL, '50.116.16.218'),
(340, 1492807935293, NULL, '104.237.130.93'),
(184, 1492809580599, NULL, '108.59.8.70'),
(184, 1492809582849, NULL, '108.59.8.70'),
(340, 1492815475772, NULL, '66.249.75.60'),
(340, 1492825256987, NULL, '163.172.58.211'),
(340, 1492829228613, NULL, '74.108.107.230'),
(184, 1492832840942, NULL, '66.249.69.96'),
(184, 1492832867622, NULL, '93.56.23.194'),
(184, 1492833140401, NULL, '66.249.69.100'),
(184, 1492837885670, NULL, '66.249.69.92'),
(184, 1492837886825, NULL, '66.249.69.100'),
(184, 1492840184535, NULL, '207.46.13.15'),
(340, 1492840207742, NULL, '139.59.149.99'),
(340, 1492840556689, NULL, '150.70.173.9'),
(340, 1492840866835, NULL, '94.177.236.104'),
(184, 1492845291586, NULL, '5.255.250.91'),
(184, 1492845295424, NULL, '5.255.250.91'),
(340, 1492862398494, NULL, '5.188.136.101'),
(184, 1492863356750, NULL, '40.77.167.80'),
(184, 1492873618918, NULL, '65.19.167.131'),
(340, 1492876233804, NULL, '35.161.55.221'),
(340, 1492876593676, NULL, '91.121.83.118'),
(184, 1492880677249, NULL, '66.249.64.37'),
(184, 1492883100923, NULL, '40.77.167.81'),
(184, 1492884949457, NULL, '66.249.64.34'),
(340, 1492885557549, NULL, '66.249.64.100'),
(340, 1492885557948, NULL, '66.249.64.96'),
(340, 1492886127633, NULL, '98.113.171.136'),
(340, 1492889096817, NULL, '204.13.201.137'),
(340, 1492889170494, NULL, '66.249.64.104'),
(340, 1492889387992, NULL, '178.62.99.175'),
(340, 1492889958677, NULL, '98.113.171.136'),
(340, 1492891083141, NULL, '150.70.173.50'),
(340, 1492891723710, NULL, '198.204.235.26'),
(340, 1492893873431, NULL, '199.16.157.180'),
(340, 1492893873842, NULL, '199.16.157.180'),
(340, 1492894001742, NULL, '198.58.107.211'),
(340, 1492894002020, NULL, '45.33.20.249'),
(184, 1492898278101, NULL, '31.13.113.179'),
(340, 1492898658339, NULL, '66.249.64.104'),
(340, 1492908381999, NULL, '193.201.225.85'),
(340, 1492908382451, NULL, '193.201.225.85'),
(340, 1492911560323, NULL, '40.77.167.168'),
(340, 1492911566548, NULL, '157.55.39.122'),
(184, 1492915473134, NULL, '66.249.69.100'),
(184, 1492915783100, NULL, '66.249.69.92'),
(184, 1492915798322, NULL, '144.76.61.6'),
(184, 1492916477156, NULL, '31.13.114.66'),
(184, 1492920189903, NULL, '66.249.69.96'),
(340, 1492926395328, NULL, '180.76.15.23'),
(184, 1492934052116, NULL, '40.77.167.166'),
(184, 1492934053945, NULL, '40.77.167.81'),
(340, 1492945084102, NULL, '199.15.233.147'),
(340, 1492945085857, NULL, '199.15.233.147'),
(184, 1492947601296, NULL, '123.15.50.23'),
(340, 1492955472229, NULL, '217.182.132.17'),
(340, 1492955510745, NULL, '151.80.39.113'),
(340, 1492959552163, NULL, '163.172.22.148'),
(184, 1492969525840, NULL, '149.202.98.160'),
(184, 1492972234519, NULL, '189.202.220.91'),
(340, 1492975693672, NULL, '204.13.201.139'),
(340, 1492978438040, NULL, '93.56.23.194'),
(184, 1492979813852, NULL, '207.46.13.186'),
(340, 1492980814680, NULL, '104.237.130.93'),
(340, 1492981613700, NULL, '45.33.15.94'),
(340, 1492983349372, NULL, '40.77.167.151'),
(340, 1492983352829, NULL, '157.55.39.120'),
(184, 1492993549291, NULL, '54.84.102.149'),
(184, 1492993549686, NULL, '54.84.102.149'),
(184, 1493002774575, NULL, '188.165.197.58'),
(184, 1493026652708, NULL, '5.255.250.91'),
(184, 1493026656665, NULL, '5.255.250.91'),
(184, 1493029037101, NULL, '207.46.13.186'),
(184, 1493030593444, NULL, '66.249.64.34'),
(184, 1493030593942, NULL, '66.249.64.37'),
(340, 1493041100675, NULL, '193.201.225.85'),
(340, 1493041101230, NULL, '193.201.225.85'),
(184, 1493045220998, NULL, '5.255.250.91'),
(184, 1493045224765, NULL, '5.255.250.91'),
(184, 1493046173219, NULL, '207.46.13.186'),
(340, 1493052661335, NULL, '5.255.250.91'),
(340, 1493052665289, NULL, '5.255.250.91'),
(340, 1493057928272, NULL, '5.255.250.91'),
(340, 1493069247389, NULL, '204.13.201.137'),
(340, 1493069528215, NULL, '45.55.224.77'),
(340, 1493069901712, NULL, '5.102.173.71'),
(340, 1493069902037, NULL, '5.102.173.71'),
(340, 1493070130951, NULL, '150.70.173.10'),
(340, 1493071144847, NULL, '78.109.23.1'),
(340, 1493073924185, NULL, '198.58.107.211'),
(340, 1493074997759, NULL, '50.116.16.218'),
(340, 1493078708541, NULL, '94.242.57.198'),
(340, 1493086172653, NULL, '144.76.61.6'),
(184, 1493089094821, NULL, '66.249.64.37'),
(184, 1493093235756, NULL, '157.55.39.74'),
(340, 1493093489182, NULL, '172.245.10.85'),
(340, 1493095155373, NULL, '109.201.133.100'),
(340, 1493106302126, NULL, '213.21.34.44'),
(340, 1493115519986, NULL, '47.92.38.108'),
(184, 1493115593220, NULL, '157.55.39.4'),
(184, 1493115598160, NULL, '40.77.167.65'),
(340, 1493115960815, NULL, '54.190.214.10'),
(184, 1493116132954, NULL, '23.20.207.252'),
(184, 1493118569998, NULL, '40.77.167.65'),
(340, 1493129616097, NULL, '158.69.118.54'),
(184, 1493131806887, NULL, '158.69.118.54'),
(340, 1493149589436, NULL, '204.13.201.139'),
(340, 1493149886447, NULL, '45.55.224.77'),
(340, 1493150049060, NULL, '158.69.241.239'),
(340, 1493156992832, NULL, '50.116.16.218'),
(340, 1493158334945, NULL, '108.41.162.169'),
(184, 1493168298839, NULL, '185.188.182.230'),
(184, 1493179465314, NULL, '173.252.124.74'),
(340, 1493181701506, NULL, '180.76.15.9'),
(184, 1493189180935, NULL, '40.77.167.65'),
(184, 1493195590185, NULL, '5.255.250.91'),
(184, 1493195594135, NULL, '5.255.250.91'),
(326, 1493202995850, NULL, '198.58.107.211'),
(340, 1493202999803, NULL, '104.237.130.93'),
(326, 1493215768959, NULL, '185.167.174.93'),
(326, 1493215772981, NULL, '66.249.64.31'),
(326, 1493215773443, NULL, '66.249.89.17'),
(184, 1493219876809, NULL, '52.202.103.120'),
(184, 1493219877404, NULL, '52.202.103.120'),
(184, 1493219877716, NULL, '52.202.103.120'),
(184, 1493231575193, NULL, '52.202.101.168'),
(184, 1493231575504, NULL, '52.202.101.168'),
(184, 1493231575783, NULL, '52.202.101.168'),
(184, 1493231708018, NULL, '52.6.203.51'),
(184, 1493231708260, NULL, '52.6.203.51'),
(184, 1493231708837, NULL, '52.6.203.51'),
(326, 1493232107669, NULL, '108.41.162.169'),
(184, 1493233598465, NULL, '108.41.162.169'),
(326, 1493234311874, NULL, '108.41.162.169'),
(340, 1493234668662, NULL, '46.229.164.100'),
(184, 1493234795252, NULL, '40.77.167.102'),
(326, 1493235435990, NULL, '108.41.162.169'),
(326, 1493235636157, NULL, '108.41.162.169'),
(326, 1493235760900, NULL, '108.41.162.169'),
(326, 1493235852824, NULL, '108.41.162.169'),
(326, 1493235902472, NULL, '108.41.162.169'),
(326, 1493235960694, NULL, '108.41.162.169'),
(326, 1493236024577, NULL, '108.41.162.169'),
(326, 1493236114986, NULL, '108.41.162.169'),
(351, 1493236162347, NULL, '108.41.162.169'),
(351, 1493236196231, NULL, '108.41.162.169'),
(326, 1493237445226, NULL, '204.13.201.139'),
(326, 1493237728850, NULL, '45.55.224.77'),
(326, 1493238378646, NULL, '150.70.173.44'),
(326, 1493239710574, NULL, '94.177.236.104'),
(326, 1493241359766, NULL, '198.58.107.211'),
(184, 1493242214948, NULL, '46.105.31.30'),
(355, 1493242251076, NULL, '108.41.162.169'),
(326, 1493249173348, NULL, '207.182.136.170'),
(326, 1493249178869, NULL, '46.235.158.196'),
(326, 1493250358081, NULL, '50.116.16.218'),
(340, 1493252691052, NULL, '108.41.162.169'),
(340, 1493252705742, NULL, '108.41.162.169'),
(340, 1493255929365, NULL, '195.22.126.221'),
(184, 1493257312141, NULL, '104.192.74.46'),
(184, 1493257312523, NULL, '104.192.74.46'),
(340, 1493257774395, NULL, '108.41.162.169'),
(340, 1493259443804, NULL, '108.41.162.169'),
(326, 1493259507291, NULL, '108.41.162.169'),
(340, 1493259574526, NULL, '108.41.162.169'),
(326, 1493259581732, NULL, '108.41.162.169'),
(352, 1493259600758, NULL, '108.41.162.169'),
(347, 1493259610049, NULL, '108.41.162.169'),
(351, 1493259640443, NULL, '108.41.162.169'),
(326, 1493259741574, NULL, '108.41.162.169'),
(351, 1493259744626, NULL, '108.41.162.169'),
(352, 1493259748163, NULL, '108.41.162.169'),
(326, 1493259750739, NULL, '108.41.162.169'),
(347, 1493259756350, NULL, '108.41.162.169'),
(184, 1493259775154, NULL, '108.41.162.169'),
(340, 1493262822971, NULL, '108.41.162.169'),
(340, 1493262840008, NULL, '108.41.162.169'),
(340, 1493263062396, NULL, '108.41.162.169'),
(353, 1493263067714, NULL, '108.41.162.169'),
(353, 1493263079152, NULL, '211.231.103.91'),
(353, 1493263094882, NULL, '211.231.103.107'),
(353, 1493263104744, NULL, '98.113.171.136'),
(353, 1493263133536, NULL, '98.113.171.136'),
(353, 1493263171023, NULL, '108.41.162.169'),
(340, 1493263194939, NULL, '108.41.162.169'),
(184, 1493263282725, NULL, '211.231.103.91'),
(184, 1493263283234, NULL, '211.231.103.107'),
(354, 1493263298968, NULL, '108.41.162.169'),
(354, 1493263302658, NULL, '211.231.103.107'),
(354, 1493263303356, NULL, '211.231.103.91'),
(184, 1493263303528, NULL, '211.231.103.91'),
(184, 1493263303768, NULL, '211.231.103.107'),
(355, 1493263309378, NULL, '108.41.162.169'),
(355, 1493263314376, NULL, '211.231.103.91'),
(355, 1493263315226, NULL, '211.231.103.107'),
(354, 1493263389832, NULL, '108.41.162.169'),
(355, 1493263431928, NULL, '98.113.171.136'),
(355, 1493263437194, NULL, '98.113.171.136'),
(340, 1493265671787, NULL, '108.41.162.169'),
(353, 1493265691693, NULL, '108.41.162.169'),
(184, 1493265725323, NULL, '108.41.162.169'),
(327, 1493266343570, NULL, '173.252.90.125'),
(327, 1493266344039, NULL, '108.41.162.169'),
(184, 1493269911751, NULL, '211.231.103.107'),
(355, 1493269915619, NULL, '211.231.103.107'),
(354, 1493269920032, NULL, '211.231.103.107'),
(184, 1493269921974, NULL, '211.231.103.91'),
(340, 1493272204086, NULL, '180.76.15.9'),
(327, 1493274071738, NULL, '50.185.66.11'),
(327, 1493274075038, NULL, '66.249.89.16'),
(327, 1493276589268, NULL, '138.197.202.197'),
(327, 1493276902124, NULL, '174.129.146.168'),
(327, 1493280334967, NULL, '67.225.226.6'),
(327, 1493280462497, NULL, '89.145.95.78'),
(327, 1493282018636, NULL, '192.99.147.142'),
(327, 1493282019033, NULL, '192.99.147.142'),
(340, 1493282156583, NULL, '192.99.147.142'),
(340, 1493282157050, NULL, '192.99.147.142'),
(184, 1493282575789, NULL, '192.99.46.89'),
(184, 1493282576105, NULL, '192.99.46.89'),
(184, 1493286236911, NULL, '157.55.39.192'),
(184, 1493286479108, NULL, '207.182.136.170'),
(184, 1493286485036, NULL, '46.235.158.196'),
(184, 1493296267363, NULL, '178.62.99.175'),
(184, 1493296653489, NULL, '150.70.173.47'),
(184, 1493297007017, NULL, '157.55.39.192'),
(184, 1493297510285, NULL, '188.146.3.44'),
(184, 1493297511053, NULL, '188.146.3.44'),
(184, 1493297588611, NULL, '188.146.3.44'),
(327, 1493302967198, NULL, '5.53.246.210'),
(327, 1493309166029, NULL, '108.41.162.169'),
(348, 1493309193112, NULL, '108.41.162.169'),
(327, 1493309893303, NULL, '77.247.181.165'),
(184, 1493309984697, NULL, '108.41.162.169'),
(327, 1493321369101, NULL, '204.13.201.139'),
(340, 1493321371272, NULL, '204.13.201.139'),
(340, 1493321550317, NULL, '185.129.62.62'),
(340, 1493322247404, NULL, '150.70.173.51'),
(327, 1493322247921, NULL, '150.70.173.58'),
(327, 1493327857889, NULL, '104.237.130.93'),
(340, 1493327861548, NULL, '104.237.130.93'),
(184, 1493332730620, NULL, '91.121.83.118'),
(327, 1493335299736, NULL, '45.33.20.249'),
(340, 1493335306600, NULL, '45.33.15.94'),
(340, 1493337381257, NULL, '108.41.162.169'),
(353, 1493337543929, NULL, '108.41.162.169'),
(353, 1493337555766, NULL, '108.41.162.169'),
(354, 1493337560295, NULL, '108.41.162.169'),
(353, 1493337588946, NULL, '108.41.162.169'),
(354, 1493337591419, NULL, '108.41.162.169'),
(354, 1493337594048, NULL, '108.41.162.169'),
(355, 1493337597441, NULL, '108.41.162.169'),
(184, 1493337604083, NULL, '108.41.162.169'),
(340, 1493337613634, NULL, '108.41.162.169'),
(327, 1493337928933, NULL, '108.41.162.169'),
(184, 1493338926163, NULL, '157.55.39.185'),
(340, 1493344903358, NULL, '5.255.250.91'),
(340, 1493347332904, NULL, '108.41.162.169'),
(340, 1493347338891, NULL, '108.41.162.169'),
(340, 1493347631723, NULL, '108.41.162.169'),
(360, 1493347685535, NULL, '108.41.162.169'),
(184, 1493349526367, NULL, '108.41.162.169'),
(360, 1493349722899, NULL, '108.41.162.169'),
(360, 1493349817717, NULL, '173.252.90.126'),
(360, 1493349817874, NULL, '173.252.90.126'),
(360, 1493349819155, NULL, '108.41.162.169'),
(360, 1493349839110, NULL, '66.108.65.6'),
(353, 1493349881546, NULL, '108.41.162.169'),
(354, 1493349911781, NULL, '108.41.162.169'),
(360, 1493349917277, NULL, '108.41.162.169'),
(360, 1493349993824, NULL, '72.226.82.24'),
(360, 1493350027324, NULL, '172.56.34.55'),
(360, 1493351976292, NULL, '73.163.89.220'),
(352, 1493352015789, NULL, '73.163.89.220'),
(184, 1493355842850, NULL, '5.255.250.91'),
(184, 1493384155111, NULL, '188.146.3.44'),
(184, 1493384156191, NULL, '188.146.3.44'),
(184, 1493386559920, NULL, '157.55.39.185'),
(184, 1493391291386, NULL, '190.72.95.2'),
(184, 1493393489773, NULL, '89.145.95.71'),
(184, 1493398661262, NULL, '191.85.28.215'),
(340, 1493407671412, NULL, '204.13.201.137'),
(340, 1493407954148, NULL, '178.62.99.175'),
(340, 1493409143031, NULL, '104.237.130.93'),
(340, 1493409491959, NULL, '45.33.15.94'),
(344, 1493411236066, NULL, '108.41.162.169'),
(344, 1493411259386, NULL, '108.41.162.169'),
(361, 1493411815779, NULL, '108.41.162.169'),
(361, 1493412031191, NULL, '108.41.162.169'),
(340, 1493426506078, NULL, '207.46.13.178'),
(184, 1493428787983, NULL, '157.55.39.185'),
(340, 1493431543224, NULL, '66.249.69.231'),
(184, 1493433102155, NULL, '172.56.34.186'),
(184, 1493433116998, NULL, '54.187.234.244'),
(342, 1493460934234, NULL, '217.70.19.83'),
(342, 1493473027251, NULL, '198.148.15.110'),
(184, 1493476357407, NULL, '157.55.39.185'),
(340, 1493479391906, NULL, '66.249.69.231'),
(184, 1493486171629, NULL, '98.113.171.136'),
(342, 1493486569220, NULL, '98.113.171.136'),
(340, 1493487262099, NULL, '193.201.225.85'),
(184, 1493489439426, NULL, '5.255.250.91'),
(340, 1493491818611, NULL, '108.59.8.70'),
(340, 1493493342573, NULL, '204.13.201.137'),
(340, 1493494099533, NULL, '150.70.173.44'),
(342, 1493494101251, NULL, '150.70.173.6'),
(340, 1493495111633, NULL, '212.237.26.221'),
(342, 1493495178156, NULL, '212.237.26.221'),
(342, 1493495433754, NULL, '104.237.130.93'),
(340, 1493495460457, NULL, '198.58.107.211'),
(342, 1493495752373, NULL, '45.33.15.94'),
(340, 1493495758627, NULL, '69.164.206.42'),
(184, 1493500940041, NULL, '172.56.35.228'),
(353, 1493502403532, NULL, '172.56.35.228'),
(361, 1493502458840, NULL, '172.56.35.228'),
(340, 1493508588014, NULL, '144.76.61.6'),
(340, 1493513602743, NULL, '66.249.69.231'),
(184, 1493515224756, NULL, '91.200.80.196'),
(184, 1493520745493, NULL, '157.55.39.131'),
(342, 1493521789199, NULL, '35.187.35.74'),
(342, 1493525735759, NULL, '216.244.66.249'),
(340, 1493538472826, NULL, '185.170.41.8'),
(340, 1493541694610, NULL, '180.76.15.22'),
(184, 1493544924704, NULL, '5.255.250.91'),
(184, 1493560653507, NULL, '144.217.80.113'),
(184, 1493564173592, NULL, '92.222.79.253'),
(342, 1493579646786, NULL, '204.13.201.139'),
(340, 1493579647418, NULL, '204.13.201.139'),
(342, 1493579861194, NULL, '104.237.130.93'),
(340, 1493579890384, NULL, '198.58.107.211'),
(340, 1493579949195, NULL, '31.24.148.37'),
(342, 1493579951031, NULL, '46.28.70.249'),
(342, 1493579956580, NULL, '139.59.149.99'),
(340, 1493579956998, NULL, '178.62.99.175'),
(342, 1493580494847, NULL, '69.164.206.42'),
(340, 1493580511931, NULL, '45.33.20.249'),
(184, 1493583666708, NULL, '40.77.167.137'),
(184, 1493593844830, NULL, '40.77.167.137'),
(362, 1493601673978, NULL, '108.41.162.169'),
(362, 1493604976309, NULL, '108.41.162.169'),
(342, 1493605383184, NULL, '108.41.162.169'),
(362, 1493605394202, NULL, '108.41.162.169'),
(362, 1493605396773, NULL, '108.41.162.169'),
(342, 1493605506344, NULL, '108.41.162.169'),
(342, 1493611757659, NULL, '108.41.162.169'),
(340, 1493613764685, NULL, '66.249.79.96'),
(184, 1493627414801, NULL, '69.50.234.142'),
(184, 1493627415425, NULL, '69.50.234.142'),
(342, 1493628985572, NULL, '77.123.2.4'),
(184, 1493634607685, NULL, '146.185.144.64'),
(340, 1493635228249, NULL, '180.76.15.160'),
(340, 1493637487618, NULL, '51.255.65.91'),
(340, 1493644522120, NULL, '199.16.157.182'),
(184, 1493645150705, NULL, '5.255.250.91'),
(184, 1493645576367, NULL, '207.46.13.104'),
(342, 1493650294515, NULL, '199.58.86.211'),
(342, 1493650301028, NULL, '199.58.86.211'),
(363, 1493652618544, NULL, '108.41.162.169'),
(363, 1493652641292, NULL, '108.41.162.169'),
(363, 1493652738721, NULL, '108.41.162.169'),
(363, 1493652851450, NULL, '46.90.130.123'),
(363, 1493652853637, NULL, '106.51.232.132'),
(363, 1493652870677, NULL, '73.150.39.83'),
(340, 1493652949496, NULL, '73.150.39.83'),
(364, 1493655038414, NULL, '108.41.162.169'),
(364, 1493655193777, NULL, '108.41.162.169'),
(364, 1493655223291, NULL, '108.41.162.169'),
(364, 1493655270354, NULL, '108.41.162.169'),
(364, 1493656534530, NULL, '108.41.162.169'),
(342, 1493660170258, NULL, '54.184.12.117'),
(342, 1493661300043, NULL, '108.41.162.169'),
(365, 1493661382612, NULL, '108.41.162.169'),
(365, 1493661541758, NULL, '108.41.162.169'),
(365, 1493661557415, NULL, '108.41.162.169'),
(365, 1493661593367, NULL, '108.41.162.169'),
(365, 1493661840772, NULL, '108.41.162.169'),
(365, 1493661847502, NULL, '108.41.162.169'),
(365, 1493663318406, NULL, '78.45.47.185'),
(365, 1493663323335, NULL, '8.22.108.99'),
(365, 1493663323830, NULL, '89.28.51.203'),
(365, 1493663325828, NULL, '107.15.243.183'),
(365, 1493663325884, NULL, '213.186.255.12'),
(365, 1493663326145, NULL, '216.171.5.137'),
(365, 1493663326386, NULL, '95.211.187.229'),
(365, 1493663328233, NULL, '112.210.139.241'),
(365, 1493663329698, NULL, '83.55.119.97'),
(365, 1493663329779, NULL, '176.232.137.135'),
(365, 1493663330818, NULL, '96.63.225.119'),
(365, 1493663331548, NULL, '163.172.160.182'),
(365, 1493663333154, NULL, '188.27.164.214'),
(365, 1493663335170, NULL, '85.230.211.77'),
(365, 1493663337539, NULL, '83.238.173.202'),
(365, 1493663337594, NULL, '93.196.99.196'),
(365, 1493663337999, NULL, '31.10.148.39'),
(365, 1493663338145, NULL, '130.126.212.161'),
(365, 1493663338719, NULL, '92.55.101.22'),
(365, 1493663340742, NULL, '95.103.100.102'),
(365, 1493663341892, NULL, '62.183.125.113'),
(365, 1493663342529, NULL, '122.164.25.65'),
(365, 1493663343287, NULL, '68.175.47.26'),
(365, 1493663343339, NULL, '184.54.202.199'),
(365, 1493663344686, NULL, '185.120.147.171'),
(365, 1493663347085, NULL, '78.45.47.185'),
(362, 1493663350062, NULL, '78.45.47.185'),
(365, 1493663352695, NULL, '185.128.109.202'),
(365, 1493663353996, NULL, '104.185.2.248'),
(361, 1493663359910, NULL, '78.45.47.185'),
(365, 1493663366495, NULL, '163.172.160.182'),
(365, 1493663366715, NULL, '2.98.22.147'),
(365, 1493663366897, NULL, '92.55.101.22'),
(365, 1493663372312, NULL, '79.107.151.95'),
(365, 1493663373713, NULL, '92.222.202.42'),
(365, 1493663376501, NULL, '108.41.162.169'),
(365, 1493663376757, NULL, '83.251.218.63'),
(365, 1493663377924, NULL, '194.228.20.139'),
(365, 1493663378658, NULL, '176.196.141.206'),
(365, 1493663378727, NULL, '158.69.193.162'),
(365, 1493663378974, NULL, '158.69.193.162'),
(365, 1493663379017, NULL, '73.21.111.156'),
(365, 1493663381260, NULL, '89.116.116.55'),
(365, 1493663381326, NULL, '80.101.26.18'),
(365, 1493663381463, NULL, '46.73.14.15'),
(365, 1493663382370, NULL, '31.132.177.253'),
(365, 1493663382495, NULL, '92.55.101.22'),
(365, 1493663382499, NULL, '37.192.166.76'),
(365, 1493663382562, NULL, '77.21.42.11'),
(365, 1493663384912, NULL, '71.121.217.76'),
(365, 1493663385449, NULL, '109.105.167.189'),
(365, 1493663385707, NULL, '89.64.35.154'),
(365, 1493663385733, NULL, '84.249.17.23'),
(365, 1493663386591, NULL, '79.30.113.12'),
(365, 1493663389352, NULL, '128.175.185.21'),
(365, 1493663390105, NULL, '88.223.82.122'),
(365, 1493663390623, NULL, '91.65.114.215'),
(365, 1493663390850, NULL, '84.249.17.23'),
(365, 1493663392309, NULL, '91.114.218.235'),
(365, 1493663395504, NULL, '194.228.20.139'),
(365, 1493663395399, NULL, '139.184.223.226'),
(365, 1493663397185, NULL, '46.73.14.15'),
(365, 1493663401899, NULL, '101.176.199.77'),
(365, 1493663407739, NULL, '54.196.92.150'),
(365, 1493663411707, NULL, '184.54.202.199'),
(365, 1493663414100, NULL, '108.41.162.169'),
(365, 1493663415940, NULL, '89.64.35.154'),
(365, 1493663418305, NULL, '129.59.122.61'),
(365, 1493663421361, NULL, '37.192.166.76'),
(365, 1493663444516, NULL, '65.96.179.154'),
(365, 1493663462531, NULL, '213.59.130.74'),
(365, 1493663462628, NULL, '98.191.85.26'),
(365, 1493663463511, NULL, '201.94.173.192'),
(365, 1493663463589, NULL, '194.228.20.139'),
(365, 1493663469628, NULL, '37.4.250.40'),
(365, 1493663472366, NULL, '176.232.137.135'),
(365, 1493663472832, NULL, '201.94.173.192'),
(365, 1493663474713, NULL, '176.49.248.111'),
(365, 1493663478016, NULL, '91.155.43.72'),
(365, 1493663493353, NULL, '176.232.137.135'),
(362, 1493663495737, NULL, '176.232.137.135'),
(361, 1493663499717, NULL, '176.232.137.135'),
(365, 1493663508810, NULL, '90.10.156.168'),
(361, 1493663519351, NULL, '176.232.137.135'),
(360, 1493663526700, NULL, '176.232.137.135'),
(347, 1493663550044, NULL, '176.232.137.135'),
(365, 1493663594548, NULL, '176.232.137.135'),
(365, 1493663605757, NULL, '108.41.162.169'),
(365, 1493663643367, NULL, '41.41.196.55'),
(365, 1493663660059, NULL, '89.116.116.55'),
(365, 1493663708316, NULL, '62.24.181.135'),
(366, 1493663996646, NULL, '108.41.162.169'),
(366, 1493664181391, NULL, '108.41.162.169'),
(365, 1493664355223, NULL, '65.96.179.154'),
(365, 1493664394808, NULL, '66.249.73.31'),
(366, 1493664421562, NULL, '108.41.162.169'),
(366, 1493664619622, NULL, '89.20.232.153'),
(366, 1493664622171, NULL, '70.67.90.231'),
(365, 1493664624575, NULL, '130.75.236.22'),
(366, 1493664626244, NULL, '31.185.174.152'),
(366, 1493664626411, NULL, '85.222.1.42'),
(366, 1493664627518, NULL, '45.27.80.134'),
(365, 1493664628357, NULL, '88.27.131.63'),
(366, 1493664629415, NULL, '72.196.2.3'),
(366, 1493664629644, NULL, '91.203.170.227'),
(365, 1493664631864, NULL, '130.75.236.22'),
(366, 1493664632753, NULL, '80.182.180.89'),
(366, 1493664635713, NULL, '205.151.251.55'),
(365, 1493664635926, NULL, '82.38.220.194'),
(366, 1493664642215, NULL, '46.152.100.248'),
(365, 1493664643336, NULL, '173.218.100.193'),
(366, 1493664643316, NULL, '82.38.220.194'),
(366, 1493664644443, NULL, '130.75.236.22'),
(366, 1493664645809, NULL, '88.27.131.63'),
(366, 1493664646899, NULL, '79.112.104.118'),
(366, 1493664653293, NULL, '98.201.155.27'),
(365, 1493664653390, NULL, '84.145.165.51'),
(365, 1493664653741, NULL, '217.42.118.22'),
(362, 1493664654640, NULL, '70.67.90.231'),
(365, 1493664656879, NULL, '31.185.174.152'),
(366, 1493664658190, NULL, '129.174.182.18'),
(362, 1493664658558, NULL, '31.185.174.152'),
(366, 1493664659022, NULL, '217.42.118.22'),
(361, 1493664661141, NULL, '31.185.174.152'),
(361, 1493664661629, NULL, '70.67.90.231'),
(366, 1493664662297, NULL, '82.27.168.169'),
(366, 1493664663396, NULL, '95.103.100.102'),
(366, 1493664663799, NULL, '82.38.220.194'),
(366, 1493664668685, NULL, '177.103.82.175'),
(365, 1493664670460, NULL, '82.38.220.194'),
(366, 1493664672280, NULL, '68.175.47.26'),
(365, 1493664674105, NULL, '46.152.100.248'),
(365, 1493664676497, NULL, '82.38.220.194'),
(365, 1493664677964, NULL, '188.238.65.81'),
(365, 1493664680787, NULL, '82.38.220.194'),
(365, 1493664681818, NULL, '85.222.1.42'),
(365, 1493664683695, NULL, '88.27.131.63'),
(366, 1493664687346, NULL, '84.145.165.51'),
(361, 1493664687942, NULL, '217.42.118.22'),
(366, 1493664691607, NULL, '46.13.66.180'),
(366, 1493664692819, NULL, '84.145.165.51'),
(365, 1493664695624, NULL, '217.93.3.128'),
(362, 1493664696809, NULL, '88.27.131.63'),
(361, 1493664697888, NULL, '85.222.1.42'),
(366, 1493664700885, NULL, '188.238.65.81'),
(361, 1493664701892, NULL, '84.145.165.51'),
(365, 1493664702651, NULL, '46.152.100.248'),
(365, 1493664707008, NULL, '217.93.3.128'),
(365, 1493664709341, NULL, '217.42.118.22'),
(365, 1493664709620, NULL, '46.13.66.180'),
(352, 1493664713335, NULL, '84.145.165.51'),
(366, 1493664715593, NULL, '85.222.1.42'),
(362, 1493664721572, NULL, '85.222.1.42'),
(366, 1493664732225, NULL, '108.41.162.169'),
(365, 1493664763054, NULL, '185.3.84.169'),
(365, 1493664860312, NULL, '66.249.73.31'),
(367, 1493666010057, NULL, '108.41.162.169'),
(366, 1493666073573, NULL, '205.151.251.55'),
(365, 1493666499256, NULL, '204.13.201.137'),
(340, 1493666500491, NULL, '204.13.201.137'),
(365, 1493666682041, NULL, '104.237.130.93'),
(340, 1493666701921, NULL, '198.58.107.211'),
(340, 1493666815127, NULL, '139.59.149.99'),
(365, 1493666818592, NULL, '45.55.224.77'),
(365, 1493666908719, NULL, '69.164.206.42'),
(366, 1493666946511, NULL, '52.71.155.178'),
(340, 1493666965984, NULL, '45.33.20.249'),
(367, 1493667570366, NULL, '188.165.4.197'),
(367, 1493667570750, NULL, '158.69.193.162'),
(367, 1493667570756, NULL, '158.69.193.162'),
(367, 1493667570762, NULL, '158.69.193.162'),
(367, 1493667570833, NULL, '92.222.202.42'),
(367, 1493667570901, NULL, '158.69.193.162'),
(367, 1493667572665, NULL, '149.200.225.92'),
(367, 1493667576852, NULL, '66.87.77.227'),
(367, 1493667577130, NULL, '172.56.15.89'),
(367, 1493667581155, NULL, '93.107.88.204'),
(367, 1493667581471, NULL, '141.255.79.115'),
(367, 1493667587295, NULL, '85.74.217.79'),
(365, 1493667590570, NULL, '86.1.25.35'),
(367, 1493667593098, NULL, '77.163.29.43'),
(367, 1493667593877, NULL, '86.144.85.9'),
(365, 1493667594037, NULL, '84.46.11.236'),
(367, 1493667594140, NULL, '74.139.169.1'),
(367, 1493667594244, NULL, '82.3.168.62'),
(367, 1493667594307, NULL, '88.113.35.150'),
(367, 1493667594448, NULL, '95.208.155.126'),
(367, 1493667594290, NULL, '85.131.70.248'),
(365, 1493667595342, NULL, '151.224.26.141'),
(367, 1493667595872, NULL, '73.76.163.12'),
(367, 1493667595906, NULL, '173.200.36.66'),
(367, 1493667596026, NULL, '47.185.170.45'),
(367, 1493667596792, NULL, '86.124.233.22'),
(367, 1493667596847, NULL, '84.173.249.72'),
(367, 1493667596935, NULL, '81.198.131.54'),
(367, 1493667597437, NULL, '199.116.169.254'),
(367, 1493667597462, NULL, '200.74.5.67'),
(367, 1493667597730, NULL, '158.158.224.232'),
(367, 1493667597837, NULL, '86.1.25.35'),
(367, 1493667598149, NULL, '79.176.104.164'),
(367, 1493667598232, NULL, '96.253.106.131'),
(367, 1493667598409, NULL, '81.151.147.172'),
(367, 1493667598416, NULL, '81.184.238.61'),
(367, 1493667598825, NULL, '84.46.11.236'),
(367, 1493667599024, NULL, '128.61.91.167'),
(367, 1493667599184, NULL, '109.148.108.82'),
(367, 1493667599430, NULL, '213.159.37.98'),
(367, 1493667599832, NULL, '159.153.4.50'),
(367, 1493667599907, NULL, '146.255.183.241'),
(367, 1493667600460, NULL, '151.224.26.141'),
(367, 1493667600679, NULL, '62.116.60.211'),
(365, 1493667600818, NULL, '85.232.128.79'),
(367, 1493667600870, NULL, '68.103.233.63'),
(367, 1493667601116, NULL, '94.145.89.249'),
(365, 1493667601309, NULL, '94.195.52.57'),
(367, 1493667601393, NULL, '86.94.131.55'),
(367, 1493667601585, NULL, '73.224.3.26'),
(367, 1493667601782, NULL, '93.156.8.135'),
(365, 1493667601876, NULL, '85.131.70.248'),
(367, 1493667601852, NULL, '193.165.115.46'),
(367, 1493667602360, NULL, '46.165.15.182'),
(367, 1493667602692, NULL, '88.0.13.82'),
(367, 1493667602753, NULL, '31.51.17.55'),
(367, 1493667602804, NULL, '73.205.240.172'),
(367, 1493667602809, NULL, '92.29.54.24'),
(367, 1493667603274, NULL, '128.211.245.28'),
(367, 1493667603315, NULL, '173.18.211.84'),
(365, 1493667603893, NULL, '174.27.120.48'),
(367, 1493667604053, NULL, '109.91.32.201'),
(367, 1493667604171, NULL, '84.55.57.165'),
(367, 1493667604635, NULL, '79.119.30.191'),
(367, 1493667604653, NULL, '208.102.118.62'),
(367, 1493667604728, NULL, '47.17.236.74'),
(365, 1493667605016, NULL, '37.26.192.18'),
(367, 1493667605249, NULL, '31.16.253.22'),
(367, 1493667605504, NULL, '51.6.182.130'),
(367, 1493667605680, NULL, '213.118.22.57'),
(365, 1493667605621, NULL, '62.101.185.247'),
(367, 1493667606289, NULL, '68.224.189.157'),
(367, 1493667606698, NULL, '67.246.177.41'),
(367, 1493667606921, NULL, '88.212.36.19'),
(367, 1493667607001, NULL, '94.195.52.57'),
(367, 1493667607025, NULL, '31.16.80.133'),
(367, 1493667607272, NULL, '85.232.128.79'),
(367, 1493667607456, NULL, '109.189.250.14'),
(367, 1493667607804, NULL, '87.116.189.106'),
(367, 1493667607792, NULL, '177.89.176.28'),
(367, 1493667608147, NULL, '93.166.58.124'),
(367, 1493667608469, NULL, '78.72.240.101'),
(365, 1493667608918, NULL, '95.90.225.175'),
(367, 1493667609038, NULL, '88.191.187.97'),
(367, 1493667609102, NULL, '2.216.11.14'),
(367, 1493667609133, NULL, '128.77.55.223'),
(367, 1493667609488, NULL, '92.14.233.203'),
(365, 1493667609764, NULL, '81.175.128.20'),
(367, 1493667609995, NULL, '93.200.201.169'),
(367, 1493667610006, NULL, '176.249.137.64'),
(367, 1493667610150, NULL, '37.26.192.18'),
(367, 1493667610521, NULL, '79.243.65.140'),
(365, 1493667610933, NULL, '168.181.51.127'),
(367, 1493667611044, NULL, '88.111.38.216'),
(367, 1493667611563, NULL, '78.147.229.201'),
(367, 1493667611637, NULL, '23.251.177.99'),
(367, 1493667611735, NULL, '87.7.38.245'),
(367, 1493667611923, NULL, '174.27.120.48'),
(365, 1493667612025, NULL, '84.55.57.165'),
(367, 1493667612322, NULL, '178.195.2.112'),
(365, 1493667612584, NULL, '128.211.245.28'),
(367, 1493667612777, NULL, '87.153.237.248'),
(367, 1493667612834, NULL, '176.140.76.107'),
(367, 1493667613945, NULL, '189.213.45.203'),
(367, 1493667614289, NULL, '95.90.225.175'),
(367, 1493667614634, NULL, '178.0.130.219'),
(367, 1493667615369, NULL, '77.8.175.251'),
(367, 1493667615425, NULL, '188.4.108.96'),
(365, 1493667615579, NULL, '128.211.245.28'),
(365, 1493667615645, NULL, '62.101.185.247'),
(367, 1493667615687, NULL, '82.37.251.65'),
(367, 1493667616065, NULL, '78.62.216.29'),
(367, 1493667616150, NULL, '82.196.108.82'),
(367, 1493667616262, NULL, '146.255.183.241'),
(367, 1493667616286, NULL, '89.215.65.128'),
(365, 1493667617244, NULL, '188.223.91.223'),
(367, 1493667617429, NULL, '35.190.174.209'),
(367, 1493667617552, NULL, '168.181.51.127'),
(367, 1493667618454, NULL, '5.38.236.163'),
(367, 1493667619360, NULL, '81.175.128.20'),
(367, 1493667619775, NULL, '74.193.244.150'),
(365, 1493667620529, NULL, '91.158.131.180'),
(365, 1493667620567, NULL, '185.100.84.246'),
(367, 1493667620693, NULL, '146.115.140.7'),
(367, 1493667620801, NULL, '62.101.185.247'),
(367, 1493667621471, NULL, '79.66.127.47'),
(367, 1493667621766, NULL, '107.138.162.233'),
(367, 1493667621855, NULL, '91.115.162.238'),
(367, 1493667622306, NULL, '62.84.26.241'),
(367, 1493667622313, NULL, '38.142.141.11'),
(365, 1493667622347, NULL, '194.176.240.242'),
(367, 1493667622501, NULL, '66.249.93.141'),
(367, 1493667622708, NULL, '68.113.192.112'),
(365, 1493667622925, NULL, '84.208.89.130'),
(365, 1493667623204, NULL, '37.4.251.88'),
(365, 1493667625728, NULL, '72.209.47.159'),
(367, 1493667626125, NULL, '168.181.51.127'),
(365, 1493667626285, NULL, '201.82.64.163'),
(365, 1493667626379, NULL, '78.73.116.40'),
(365, 1493667626324, NULL, '84.55.57.165'),
(365, 1493667627667, NULL, '88.195.107.135'),
(367, 1493667628226, NULL, '151.225.161.85'),
(367, 1493667628947, NULL, '83.183.11.68'),
(367, 1493667628978, NULL, '83.20.254.33'),
(367, 1493667629632, NULL, '72.191.235.96'),
(367, 1493667630208, NULL, '23.251.177.99'),
(367, 1493667630243, NULL, '178.201.148.179'),
(367, 1493667630580, NULL, '201.82.64.163'),
(367, 1493667630685, NULL, '185.100.84.246'),
(367, 1493667630807, NULL, '82.12.9.78'),
(367, 1493667630810, NULL, '73.224.3.26'),
(365, 1493667631067, NULL, '77.8.175.251'),
(367, 1493667631548, NULL, '70.198.32.55'),
(367, 1493667631634, NULL, '66.249.93.137'),
(367, 1493667631756, NULL, '104.137.160.94'),
(367, 1493667631870, NULL, '86.94.131.55'),
(366, 1493667632524, NULL, '85.131.70.248'),
(367, 1493667633658, NULL, '94.0.39.205'),
(365, 1493667633711, NULL, '168.181.51.127'),
(367, 1493667633944, NULL, '108.41.162.169'),
(367, 1493667634020, NULL, '47.40.18.121'),
(367, 1493667634244, NULL, '88.195.107.135'),
(367, 1493667634649, NULL, '95.166.17.104'),
(367, 1493667634694, NULL, '78.18.89.133'),
(367, 1493667635129, NULL, '72.209.47.159'),
(367, 1493667635691, NULL, '91.158.131.180'),
(367, 1493667635743, NULL, '213.168.89.251'),
(367, 1493667637056, NULL, '191.191.255.2'),
(367, 1493667637432, NULL, '162.228.20.252'),
(365, 1493667637904, NULL, '109.145.134.100'),
(367, 1493667638144, NULL, '78.51.184.64'),
(367, 1493667638222, NULL, '109.162.124.207'),
(367, 1493667638419, NULL, '76.0.85.173'),
(366, 1493667638567, NULL, '86.94.131.55'),
(367, 1493667639402, NULL, '37.4.251.88'),
(367, 1493667639668, NULL, '62.116.60.211'),
(367, 1493667640660, NULL, '78.73.116.40'),
(367, 1493667641476, NULL, '95.27.44.208'),
(366, 1493667641939, NULL, '47.40.18.121'),
(367, 1493667641956, NULL, '69.206.161.124'),
(367, 1493667642224, NULL, '62.24.252.133'),
(365, 1493667645210, NULL, '78.72.240.101'),
(365, 1493667647645, NULL, '68.103.233.63'),
(367, 1493667648038, NULL, '72.202.200.245'),
(367, 1493667648152, NULL, '109.145.134.100'),
(367, 1493667650280, NULL, '84.208.89.130'),
(367, 1493667650455, NULL, '75.118.3.214'),
(367, 1493667651211, NULL, '162.207.158.117'),
(367, 1493667651766, NULL, '62.24.196.100'),
(367, 1493667651951, NULL, '71.60.113.189'),
(367, 1493667652205, NULL, '188.223.91.223'),
(365, 1493667652565, NULL, '86.71.192.144'),
(366, 1493667654384, NULL, '88.195.107.135'),
(367, 1493667654880, NULL, '128.211.245.28'),
(366, 1493667656069, NULL, '84.55.57.165'),
(365, 1493667656818, NULL, '95.27.44.208'),
(367, 1493667657249, NULL, '86.71.192.144'),
(367, 1493667657478, NULL, '31.51.17.55'),
(367, 1493667658101, NULL, '84.55.57.165'),
(366, 1493667659670, NULL, '84.55.57.165'),
(367, 1493667659832, NULL, '78.72.240.101'),
(365, 1493667660435, NULL, '115.66.13.183'),
(365, 1493667661083, NULL, '84.55.57.165'),
(365, 1493667663270, NULL, '71.60.113.189'),
(367, 1493667663847, NULL, '93.107.88.204'),
(367, 1493667664659, NULL, '104.196.163.157'),
(366, 1493667664835, NULL, '68.103.233.63'),
(367, 1493667670458, NULL, '111.92.3.167'),
(367, 1493667671294, NULL, '92.14.233.203'),
(365, 1493667677713, NULL, '92.14.233.203'),
(362, 1493667679400, NULL, '68.103.233.63'),
(367, 1493667683023, NULL, '89.10.123.222'),
(367, 1493667686446, NULL, '94.205.235.121'),
(367, 1493667686617, NULL, '31.43.84.188'),
(365, 1493667686918, NULL, '162.207.158.117'),
(366, 1493667692046, NULL, '200.74.5.67'),
(365, 1493667693520, NULL, '79.66.127.47'),
(365, 1493667694163, NULL, '162.207.158.117'),
(365, 1493667694698, NULL, '92.14.233.203'),
(365, 1493667695456, NULL, '68.103.233.63'),
(365, 1493667695584, NULL, '176.23.60.224'),
(365, 1493667699651, NULL, '93.86.118.54'),
(367, 1493667706078, NULL, '93.86.118.54'),
(367, 1493667707050, NULL, '176.23.60.224'),
(367, 1493667721749, NULL, '107.182.233.175'),
(365, 1493667730581, NULL, '115.66.13.183'),
(367, 1493667735792, NULL, '115.66.13.183'),
(367, 1493667776182, NULL, '150.70.173.57'),
(365, 1493667776650, NULL, '79.66.127.47'),
(367, 1493667820588, NULL, '94.205.235.121'),
(365, 1493667844400, NULL, '107.182.233.175'),
(365, 1493667849828, NULL, '107.182.233.175'),
(365, 1493667852581, NULL, '107.182.233.175'),
(365, 1493667945699, NULL, '108.41.162.169'),
(367, 1493668015710, NULL, '178.233.175.146'),
(367, 1493668042030, NULL, '83.81.105.207'),
(366, 1493668050919, NULL, '83.81.105.207'),
(367, 1493668103922, NULL, '83.81.105.207'),
(367, 1493668163990, NULL, '62.24.181.135'),
(362, 1493668541367, NULL, '151.224.26.141'),
(365, 1493668545550, NULL, '151.224.26.141'),
(366, 1493668550936, NULL, '151.224.26.141'),
(367, 1493671559387, NULL, '108.41.162.169'),
(367, 1493673775813, NULL, '174.116.144.48'),
(365, 1493674131957, NULL, '144.217.80.113'),
(365, 1493675111926, NULL, '130.75.236.22'),
(365, 1493675131303, NULL, '130.75.236.22'),
(365, 1493675132609, NULL, '130.75.236.22'),
(365, 1493675133966, NULL, '130.75.236.22'),
(365, 1493677510984, NULL, '68.199.222.121'),
(365, 1493677514650, NULL, '68.199.222.121'),
(367, 1493678461139, NULL, '24.107.21.12'),
(365, 1493678496692, NULL, '24.107.21.12'),
(367, 1493678745866, NULL, '66.102.9.33'),
(367, 1493678746247, NULL, '66.102.9.61'),
(367, 1493678961100, NULL, '72.46.185.93'),
(367, 1493678993064, NULL, '72.46.185.93'),
(367, 1493679045161, NULL, '72.46.185.93'),
(366, 1493679053043, NULL, '72.46.185.93'),
(362, 1493679061057, NULL, '72.46.185.93'),
(365, 1493679067138, NULL, '72.46.185.93'),
(365, 1493679143849, NULL, '173.252.120.107'),
(367, 1493681458071, NULL, '99.245.196.129'),
(364, 1493682091915, NULL, '108.41.162.169'),
(365, 1493682746318, NULL, '69.159.136.146'),
(365, 1493685874822, NULL, '108.41.162.169'),
(365, 1493685939921, NULL, '162.228.20.252'),
(365, 1493686083227, NULL, '4.16.47.232'),
(365, 1493686100705, NULL, '108.41.162.169'),
(365, 1493687192272, NULL, '204.13.201.139'),
(365, 1493687531325, NULL, '139.59.149.99'),
(365, 1493688673765, NULL, '108.41.162.169'),
(365, 1493688673789, NULL, '150.70.173.9'),
(365, 1493688675316, NULL, '150.70.173.7'),
(365, 1493689096601, NULL, '108.41.162.169'),
(365, 1493689184417, NULL, '108.41.162.169'),
(367, 1493689790948, NULL, '78.51.183.98'),
(365, 1493689795755, NULL, '108.41.162.169'),
(365, 1493690467879, NULL, '108.41.162.169'),
(365, 1493690637161, NULL, '108.41.162.169');

-- --------------------------------------------------------

--
-- Table structure for table `stats_search_history`
--

CREATE TABLE IF NOT EXISTS `stats_search_history` (
  `domain_name` varchar(100) NOT NULL,
  `timestamp` bigint(20) NOT NULL,
  `account_id` int(11) DEFAULT NULL,
  `user_ip` varchar(50) NOT NULL,
  `rental_id` int(11) DEFAULT NULL,
  KEY `search_history_account_id_fk_idx` (`account_id`)
) ENGINE=InnoDB DEFAULT CHARSET=latin1;

--
-- Dumping data for table `stats_search_history`
--

INSERT INTO `stats_search_history` (`domain_name`, `timestamp`, `account_id`, `user_ip`, `rental_id`) VALUES
('boycotttrump.com', 1493690854070, NULL, '172.245.10.85', NULL),
('retailhours.com', 1493691095145, NULL, '37.144.249.171', NULL),
('greatestboxer.com', 1493691097166, NULL, '5.255.250.91', NULL);

--
-- Constraints for dumped tables
--

--
-- Constraints for table `chat_history`
--
ALTER TABLE `chat_history`
  ADD CONSTRAINT `chat_history_ibfk_1` FOREIGN KEY (`sender_account_id`) REFERENCES `accounts` (`id`) ON DELETE NO ACTION ON UPDATE CASCADE,
  ADD CONSTRAINT `chat_history_ibfk_2` FOREIGN KEY (`receiver_account_id`) REFERENCES `accounts` (`id`) ON DELETE NO ACTION ON UPDATE CASCADE;

--
-- Constraints for table `listings`
--
ALTER TABLE `listings`
  ADD CONSTRAINT `listings_owner_fk` FOREIGN KEY (`owner_id`) REFERENCES `accounts` (`id`) ON DELETE NO ACTION ON UPDATE NO ACTION;

--
-- Constraints for table `rentals`
--
ALTER TABLE `rentals`
  ADD CONSTRAINT `watch_list_account_id_fk0` FOREIGN KEY (`account_id`) REFERENCES `accounts` (`id`) ON DELETE NO ACTION ON UPDATE NO ACTION,
  ADD CONSTRAINT `watch_list_listing_id_fk0` FOREIGN KEY (`listing_id`) REFERENCES `listings` (`id`) ON DELETE NO ACTION ON UPDATE NO ACTION;

--
-- Constraints for table `rental_times`
--
ALTER TABLE `rental_times`
  ADD CONSTRAINT `rental_times_fk` FOREIGN KEY (`rental_id`) REFERENCES `rentals` (`rental_id`) ON DELETE CASCADE ON UPDATE NO ACTION;

--
-- Constraints for table `signup_codes`
--
ALTER TABLE `signup_codes`
  ADD CONSTRAINT `signup_codes_ibfk_1` FOREIGN KEY (`account_id`) REFERENCES `accounts` (`id`) ON DELETE NO ACTION ON UPDATE NO ACTION;

--
-- Constraints for table `stats_rental_history`
--
ALTER TABLE `stats_rental_history`
  ADD CONSTRAINT `account_id_stats_fk` FOREIGN KEY (`account_id`) REFERENCES `accounts` (`id`) ON DELETE NO ACTION ON UPDATE NO ACTION,
  ADD CONSTRAINT `rental_id_stats_fk` FOREIGN KEY (`rental_id`) REFERENCES `rentals` (`rental_id`) ON DELETE CASCADE ON UPDATE CASCADE;

--
-- Constraints for table `stats_search_history`
--
ALTER TABLE `stats_search_history`
  ADD CONSTRAINT `search_history_account_id_fk` FOREIGN KEY (`account_id`) REFERENCES `accounts` (`id`) ON DELETE CASCADE ON UPDATE CASCADE;

DELIMITER $$
--
-- Events
--
CREATE DEFINER=`xcellion`@`localhost` EVENT `clean_unverified` ON SCHEDULE EVERY 1 WEEK STARTS '2017-01-01 00:00:00' ON COMPLETION PRESERVE ENABLE DO DELETE FROM listings WHERE listings.verified IS NULL$$

DELIMITER ;

/*!40101 SET CHARACTER_SET_CLIENT=@OLD_CHARACTER_SET_CLIENT */;
/*!40101 SET CHARACTER_SET_RESULTS=@OLD_CHARACTER_SET_RESULTS */;
/*!40101 SET COLLATION_CONNECTION=@OLD_COLLATION_CONNECTION */;
